cycle,avg_score,avg_energy,inactive_student
0,0,5,0
1,0.5,4.5,0
2,1,4,0
3,1.3,3.7,0
4,1.8,3.2,0
5,2.35,2.65,0
6,2.9,2.1,0
7,3.4,1.6,1
8,3.75,1.25,4
9,4.1,0.9,8
10,4.4,0.6,11
11,4.55,0.45,14
12,4.65,0.35,14
13,4.85,0.15,17
14,4.95,0.05,19
15,5,0,20
16,5,0,20
17,5,0,20
18,5,0,20
19,5,0,20
20,5,0,20
21,5,0,20
22,5,0,20
23,5,0,20
24,5,0,20
25,5,0,20
26,5,0,20
27,5,0,20
28,5,0,20
29,5,0,20
30,5,0,20
31,5,0,20
32,5,0,20
33,5,0,20
34,5,0,20
35,5,0,20
36,5,0,20
37,5,0,20
38,5,0,20
39,5,0,20
40,5,0,20
41,5,0,20
42,5,0,20
43,5,0,20
44,5,0,20
45,5,0,20
46,5,0,20
47,5,0,20
48,5,0,20
49,5,0,20
50,5,0,20
51,5,0,20
52,5,0,20
53,5,0,20
54,5,0,20
55,5,0,20
56,5,0,20
57,5,0,20
58,5,0,20
59,5,0,20
60,5,0,20
61,5,0,20
62,5,0,20
63,5,0,20
64,5,0,20
65,5,0,20
66,5,0,20
67,5,0,20
68,5,0,20
69,5,0,20
70,5,0,20
71,5,0,20
72,5,0,20
73,5,0,20
74,5,0,20
75,5,0,20
76,5,0,20
77,5,0,20
78,5,0,20
79,5,0,20
80,5,0,20
81,5,0,20
82,5,0,20
83,5,0,20
84,5,0,20
85,5,0,20
86,5,0,20
87,5,0,20
88,5,0,20
89,5,0,20
90,5,0,20
91,5,0,20
92,5,0,20
93,5,0,20
94,5,0,20
95,5,0,20
96,5,0,20
97,5,0,20
98,5,0,20
99,5,0,20
100,5,0,20
101,5,0,20
102,5,0,20
103,5,0,20
104,5,0,20
105,5,0,20
106,5,0,20
107,5,0,20
108,5,0,20
109,5,0,20
110,5,0,20
111,5,0,20
112,5,0,20
113,5,0,20
114,5,0,20
115,5,0,20
116,5,0,20
117,5,0,20
118,5,0,20
119,5,0,20
120,5,0,20
121,5,0,20
122,5,0,20
123,5,0,20
124,5,0,20
125,5,0,20
126,5,0,20
127,5,0,20
128,5,0,20
129,5,0,20
130,5,0,20
131,5,0,20
132,5,0,20
133,5,0,20
134,5,0,20
135,5,0,20
136,5,0,20
137,5,0,20
138,5,0,20
139,5,0,20
140,5,0,20
141,5,0,20
142,5,0,20
143,5,0,20
144,5,0,20
145,5,0,20
146,5,0,20
147,5,0,20
148,5,0,20
149,5,0,20
150,5,0,20
151,5,0,20
152,5,0,20
153,5,0,20
154,5,0,20
155,5,0,20
156,5,0,20
157,5,0,20
158,5,0,20
159,5,0,20
160,5,0,20
161,5,0,20
162,5,0,20
163,5,0,20
164,5,0,20
165,5,0,20
166,5,0,20
167,5,0,20
168,5,0,20
169,5,0,20
170,5,0,20
171,5,0,20
172,5,0,20
173,5,0,20
174,5,0,20
175,5,0,20
176,5,0,20
177,5,0,20
178,5,0,20
179,5,0,20
180,5,0,20
181,5,0,20
182,5,0,20
183,5,0,20
184,5,0,20
185,5,0,20
186,5,0,20
187,5,0,20
188,5,0,20
189,5,0,20
190,5,0,20
191,5,0,20
192,5,0,20
193,5,0,20
194,5,0,20
195,5,0,20
196,5,0,20
197,5,0,20
198,5,0,20
199,5,0,20
200,5,0,20
201,5,0,20
202,5,0,20
203,5,0,20
204,5,0,20
205,5,0,20
206,5,0,20
207,5,0,20
208,5,0,20
209,5,0,20
210,5,0,20
211,5,0,20
212,5,0,20
213,5,0,20
214,5,0,20
215,5,0,20
216,5,0,20
217,5,0,20
218,5,0,20
219,5,0,20
220,5,0,20
221,5,0,20
222,5,0,20
223,5,0,20
224,5,0,20
225,5,0,20
226,5,0,20
227,5,0,20
228,5,0,20
229,5,0,20
230,5,0,20
231,5,0,20
232,5,0,20
233,5,0,20
234,5,0,20
235,5,0,20
236,5,0,20
237,5,0,20
238,5,0,20
239,5,0,20
240,5,0,20
241,5,0,20
242,5,0,20
243,5,0,20
244,5,0,20
245,5,0,20
246,5,0,20
247,5,0,20
248,5,0,20
249,5,0,20
250,5,0,20
251,5,0,20
252,5,0,20
253,5,0,20
254,5,0,20
255,5,0,20
256,5,0,20
257,5,0,20
258,5,0,20
259,5,0,20
260,5,0,20
261,5,0,20
262,5,0,20
263,5,0,20
264,5,0,20
265,5,0,20
266,5,0,20
267,5,0,20
268,5,0,20
269,5,0,20
270,5,0,20
271,5,0,20
272,5,0,20
273,5,0,20
274,5,0,20
275,5,0,20
276,5,0,20
277,5,0,20
278,5,0,20
279,5,0,20
280,5,0,20
281,5,0,20
282,5,0,20
283,5,0,20
284,5,0,20
285,5,0,20
286,5,0,20
287,5,0,20
288,5,0,20
289,5,0,20
290,5,0,20
291,5,0,20
292,5,0,20
293,5,0,20
294,5,0,20
295,5,0,20
296,5,0,20
297,5,0,20
298,5,0,20
299,5,0,20
300,5,0,20
301,5,0,20
302,5,0,20
303,5,0,20
304,5,0,20
305,5,0,20
306,5,0,20
307,5,0,20
308,5,0,20
309,5,0,20
310,5,0,20
311,5,0,20
312,5,0,20
313,5,0,20
314,5,0,20
315,5,0,20
316,5,0,20
317,5,0,20
318,5,0,20
319,5,0,20
320,5,0,20
321,5,0,20
322,5,0,20
323,5,0,20
324,5,0,20
325,5,0,20
326,5,0,20
327,5,0,20
328,5,0,20
329,5,0,20
330,5,0,20
331,5,0,20
332,5,0,20
333,5,0,20
334,5,0,20
335,5,0,20
336,5,0,20
337,5,0,20
338,5,0,20
339,5,0,20
340,5,0,20
341,5,0,20
342,5,0,20
343,5,0,20
344,5,0,20
345,5,0,20
346,5,0,20
347,5,0,20
348,5,0,20
349,5,0,20
350,5,0,20
351,5,0,20
352,5,0,20
353,5,0,20
354,5,0,20
355,5,0,20
356,5,0,20
357,5,0,20
358,5,0,20
359,5,0,20
360,5,0,20
361,5,0,20
362,5,0,20
363,5,0,20
364,5,0,20
365,5,0,20
366,5,0,20
367,5,0,20
368,5,0,20
369,5,0,20
370,5,0,20
371,5,0,20
372,5,0,20
373,5,0,20
374,5,0,20
375,5,0,20
376,5,0,20
377,5,0,20
378,5,0,20
379,5,0,20
380,5,0,20
381,5,0,20
382,5,0,20
383,5,0,20
384,5,0,20
385,5,0,20
386,5,0,20
387,5,0,20
388,5,0,20
389,5,0,20
390,5,0,20
391,5,0,20
392,5,0,20
393,5,0,20
394,5,0,20
395,5,0,20
396,5,0,20
397,5,0,20
398,5,0,20
399,5,0,20
400,5,0,20
401,5,0,20
402,5,0,20
403,5,0,20
404,5,0,20
405,5,0,20
406,5,0,20
407,5,0,20
408,5,0,20
409,5,0,20
410,5,0,20
411,5,0,20
412,5,0,20
413,5,0,20
414,5,0,20
415,5,0,20
416,5,0,20
417,5,0,20
418,5,0,20
419,5,0,20
420,5,0,20
421,5,0,20
422,5,0,20
423,5,0,20
424,5,0,20
425,5,0,20
426,5,0,20
427,5,0,20
428,5,0,20
429,5,0,20
430,5,0,20
431,5,0,20
432,5,0,20
433,5,0,20
434,5,0,20
435,5,0,20
436,5,0,20
437,5,0,20
438,5,0,20
439,5,0,20
440,5,0,20
441,5,0,20
442,5,0,20
443,5,0,20
444,5,0,20
445,5,0,20
446,5,0,20
447,5,0,20
448,5,0,20
449,5,0,20
450,5,0,20
451,5,0,20
452,5,0,20
453,5,0,20
454,5,0,20
455,5,0,20
456,5,0,20
457,5,0,20
458,5,0,20
459,5,0,20
460,5,0,20
461,5,0,20
462,5,0,20
463,5,0,20
464,5,0,20
465,5,0,20
466,5,0,20
467,5,0,20
468,5,0,20
469,5,0,20
470,5,0,20
471,5,0,20
472,5,0,20
473,5,0,20
474,5,0,20
475,5,0,20
476,5,0,20
477,5,0,20
478,5,0,20
479,5,0,20
480,5,0,20
481,5,0,20
482,5,0,20
483,5,0,20
484,5,0,20
485,5,0,20
486,5,0,20
487,5,0,20
488,5,0,20
489,5,0,20
490,5,0,20
491,5,0,20
492,5,0,20
493,5,0,20
494,5,0,20
495,5,0,20
496,5,0,20
497,5,0,20
498,5,0,20
499,5,0,20
500,5,0,20
501,5,0,20
502,5,0,20
503,5,0,20
504,5,0,20
505,5,0,20
506,5,0,20
507,5,0,20
508,5,0,20
509,5,0,20
510,5,0,20
511,5,0,20
512,5,0,20
513,5,0,20
514,5,0,20
515,5,0,20
516,5,0,20
517,5,0,20
518,5,0,20
519,5,0,20
520,5,0,20
521,5,0,20
522,5,0,20
523,5,0,20
524,5,0,20
525,5,0,20
526,5,0,20
527,5,0,20
528,5,0,20
529,5,0,20
530,5,0,20
531,5,0,20
532,5,0,20
533,5,0,20
534,5,0,20
535,5,0,20
536,5,0,20
537,5,0,20
538,5,0,20
539,5,0,20
540,5,0,20
541,5,0,20
542,5,0,20
543,5,0,20
544,5,0,20
545,5,0,20
546,5,0,20
547,5,0,20
548,5,0,20
549,5,0,20
550,5,0,20
551,5,0,20
552,5,0,20
553,5,0,20
554,5,0,20
555,5,0,20
556,5,0,20
557,5,0,20
558,5,0,20
559,5,0,20
560,5,0,20
561,5,0,20
562,5,0,20
563,5,0,20
564,5,0,20
565,5,0,20
566,5,0,20
567,5,0,20
568,5,0,20
569,5,0,20
570,5,0,20
571,5,0,20
572,5,0,20
573,5,0,20
574,5,0,20
575,5,0,20
576,5,0,20
577,5,0,20
578,5,0,20
579,5,0,20
580,5,0,20
581,5,0,20
582,5,0,20
583,5,0,20
584,5,0,20
585,5,0,20
586,5,0,20
587,5,0,20
588,5,0,20
589,5,0,20
590,5,0,20
591,5,0,20
592,5,0,20
593,5,0,20
594,5,0,20
595,5,0,20
596,5,0,20
597,5,0,20
598,5,0,20
599,5,0,20
600,5,0,20
601,5,0,20
602,5,0,20
603,5,0,20
604,5,0,20
605,5,0,20
606,5,0,20
607,5,0,20
608,5,0,20
609,5,0,20
610,5,0,20
611,5,0,20
612,5,0,20
613,5,0,20
614,5,0,20
615,5,0,20
616,5,0,20
617,5,0,20
618,5,0,20
619,5,0,20
620,5,0,20
621,5,0,20
622,5,0,20
623,5,0,20
624,5,0,20
625,5,0,20
626,5,0,20
627,5,0,20
628,5,0,20
629,5,0,20
630,5,0,20
631,5,0,20
632,5,0,20
633,5,0,20
634,5,0,20
635,5,0,20
636,5,0,20
637,5,0,20
638,5,0,20
639,5,0,20
640,5,0,20
641,5,0,20
642,5,0,20
643,5,0,20
644,5,0,20
645,5,0,20
646,5,0,20
647,5,0,20
648,5,0,20
649,5,0,20
650,5,0,20
651,5,0,20
652,5,0,20
653,5,0,20
654,5,0,20
655,5,0,20
656,5,0,20
657,5,0,20
658,5,0,20
659,5,0,20
660,5,0,20
661,5,0,20
662,5,0,20
663,5,0,20
664,5,0,20
665,5,0,20
666,5,0,20
667,5,0,20
668,5,0,20
669,5,0,20
670,5,0,20
671,5,0,20
672,5,0,20
673,5,0,20
674,5,0,20
675,5,0,20
676,5,0,20
677,5,0,20
678,5,0,20
679,5,0,20
680,5,0,20
681,5,0,20
682,5,0,20
683,5,0,20
684,5,0,20
685,5,0,20
686,5,0,20
687,5,0,20
688,5,0,20
689,5,0,20
690,5,0,20
691,5,0,20
692,5,0,20
693,5,0,20
694,5,0,20
695,5,0,20
696,5,0,20
697,5,0,20
698,5,0,20
699,5,0,20
700,5,0,20
701,5,0,20
702,5,0,20
703,5,0,20
704,5,0,20
705,5,0,20
706,5,0,20
707,5,0,20
708,5,0,20
709,5,0,20
710,5,0,20
711,5,0,20
712,5,0,20
713,5,0,20
714,5,0,20
715,5,0,20
716,5,0,20
717,5,0,20
718,5,0,20
719,5,0,20
720,5,0,20
721,5,0,20
722,5,0,20
723,5,0,20
724,5,0,20
725,5,0,20
726,5,0,20
727,5,0,20
728,5,0,20
729,5,0,20
730,5,0,20
731,5,0,20
732,5,0,20
733,5,0,20
734,5,0,20
735,5,0,20
736,5,0,20
737,5,0,20
738,5,0,20
739,5,0,20
740,5,0,20
741,5,0,20
742,5,0,20
743,5,0,20
744,5,0,20
745,5,0,20
746,5,0,20
747,5,0,20
748,5,0,20
749,5,0,20
750,5,0,20
751,5,0,20
752,5,0,20
753,5,0,20
754,5,0,20
755,5,0,20
756,5,0,20
757,5,0,20
758,5,0,20
759,5,0,20
760,5,0,20
761,5,0,20
762,5,0,20
763,5,0,20
764,5,0,20
765,5,0,20
766,5,0,20
767,5,0,20
768,5,0,20
769,5,0,20
770,5,0,20
771,5,0,20
772,5,0,20
773,5,0,20
774,5,0,20
775,5,0,20
776,5,0,20
777,5,0,20
778,5,0,20
779,5,0,20
780,5,0,20
781,5,0,20
782,5,0,20
783,5,0,20
784,5,0,20
785,5,0,20
786,5,0,20
787,5,0,20
788,5,0,20
789,5,0,20
790,5,0,20
791,5,0,20
792,5,0,20
793,5,0,20
794,5,0,20
795,5,0,20
796,5,0,20
797,5,0,20
798,5,0,20
799,5,0,20
800,5,0,20
801,5,0,20
802,5,0,20
803,5,0,20
804,5,0,20
805,5,0,20
806,5,0,20
807,5,0,20
808,5,0,20
809,5,0,20
810,5,0,20
811,5,0,20
812,5,0,20
813,5,0,20
814,5,0,20
815,5,0,20
816,5,0,20
817,5,0,20
818,5,0,20
819,5,0,20
820,5,0,20
821,5,0,20
822,5,0,20
823,5,0,20
824,5,0,20
825,5,0,20
826,5,0,20
827,5,0,20
828,5,0,20
829,5,0,20
830,5,0,20
831,5,0,20
832,5,0,20
833,5,0,20
834,5,0,20
835,5,0,20
836,5,0,20
837,5,0,20
838,5,0,20
839,5,0,20
840,5,0,20
841,5,0,20
842,5,0,20
843,5,0,20
844,5,0,20
845,5,0,20
846,5,0,20
847,5,0,20
848,5,0,20
849,5,0,20
850,5,0,20
851,5,0,20
852,5,0,20
853,5,0,20
854,5,0,20
855,5,0,20
856,5,0,20
857,5,0,20
858,5,0,20
859,5,0,20
860,5,0,20
861,5,0,20
862,5,0,20
863,5,0,20
864,5,0,20
865,5,0,20
866,5,0,20
867,5,0,20
868,5,0,20
869,5,0,20
870,5,0,20
871,5,0,20
872,5,0,20
873,5,0,20
874,5,0,20
875,5,0,20
876,5,0,20
877,5,0,20
878,5,0,20
879,5,0,20
880,5,0,20
881,5,0,20
882,5,0,20
883,5,0,20
884,5,0,20
885,5,0,20
886,5,0,20
887,5,0,20
888,5,0,20
889,5,0,20
890,5,0,20
891,5,0,20
892,5,0,20
893,5,0,20
894,5,0,20
895,5,0,20
896,5,0,20
897,5,0,20
898,5,0,20
899,5,0,20
900,5,0,20
901,5,0,20
902,5,0,20
903,5,0,20
904,5,0,20
905,5,0,20
906,5,0,20
907,5,0,20
908,5,0,20
909,5,0,20
910,5,0,20
911,5,0,20
912,5,0,20
913,5,0,20
914,5,0,20
915,5,0,20
916,5,0,20
917,5,0,20
918,5,0,20
919,5,0,20
920,5,0,20
921,5,0,20
922,5,0,20
923,5,0,20
924,5,0,20
925,5,0,20
926,5,0,20
927,5,0,20
928,5,0,20
929,5,0,20
930,5,0,20
931,5,0,20
932,5,0,20
933,5,0,20
934,5,0,20
935,5,0,20
936,5,0,20
937,5,0,20
938,5,0,20
939,5,0,20
940,5,0,20
941,5,0,20
942,5,0,20
943,5,0,20
944,5,0,20
945,5,0,20
946,5,0,20
947,5,0,20
948,5,0,20
949,5,0,20
950,5,0,20
951,5,0,20
952,5,0,20
953,5,0,20
954,5,0,20
955,5,0,20
956,5,0,20
957,5,0,20
958,5,0,20
959,5,0,20
960,5,0,20
961,5,0,20
962,5,0,20
963,5,0,20
964,5,0,20
965,5,0,20
966,5,0,20
967,5,0,20
968,5,0,20
969,5,0,20
970,5,0,20
971,5,0,20
972,5,0,20
973,5,0,20
974,5,0,20
975,5,0,20
976,5,0,20
977,5,0,20
978,5,0,20
979,5,0,20
980,5,0,20
981,5,0,20
982,5,0,20
983,5,0,20
984,5,0,20
985,5,0,20
986,5,0,20
987,5,0,20
988,5,0,20
989,5,0,20
990,5,0,20
991,5,0,20
992,5,0,20
993,5,0,20
994,5,0,20
995,5,0,20
996,5,0,20
997,5,0,20
998,5,0,20
999,5,0,20
1000,5,0,20
1001,5,0,20
1002,5,0,20
1003,5,0,20
1004,5,0,20
1005,5,0,20
1006,5,0,20
1007,5,0,20
1008,5,0,20
1009,5,0,20
1010,5,0,20
1011,5,0,20
1012,5,0,20
1013,5,0,20
1014,5,0,20
1015,5,0,20
1016,5,0,20
1017,5,0,20
1018,5,0,20
1019,5,0,20
1020,5,0,20
1021,5,0,20
1022,5,0,20
1023,5,0,20
1024,5,0,20
1025,5,0,20
1026,5,0,20
1027,5,0,20
1028,5,0,20
1029,5,0,20
1030,5,0,20
1031,5,0,20
1032,5,0,20
1033,5,0,20
1034,5,0,20
1035,5,0,20
1036,5,0,20
1037,5,0,20
1038,5,0,20
1039,5,0,20
1040,5,0,20
1041,5,0,20
1042,5,0,20
1043,5,0,20
1044,5,0,20
1045,5,0,20
1046,5,0,20
1047,5,0,20
1048,5,0,20
1049,5,0,20
1050,5,0,20
1051,5,0,20
1052,5,0,20
1053,5,0,20
1054,5,0,20
1055,5,0,20
1056,5,0,20
1057,5,0,20
1058,5,0,20
1059,5,0,20
1060,5,0,20
1061,5,0,20
1062,5,0,20
1063,5,0,20
1064,5,0,20
1065,5,0,20
1066,5,0,20
1067,5,0,20
1068,5,0,20
1069,5,0,20
1070,5,0,20
1071,5,0,20
1072,5,0,20
1073,5,0,20
1074,5,0,20
1075,5,0,20
1076,5,0,20
1077,5,0,20
1078,5,0,20
1079,5,0,20
1080,5,0,20
1081,5,0,20
1082,5,0,20
1083,5,0,20
1084,5,0,20
1085,5,0,20
1086,5,0,20
1087,5,0,20
1088,5,0,20
1089,5,0,20
1090,5,0,20
1091,5,0,20
1092,5,0,20
1093,5,0,20
1094,5,0,20
1095,5,0,20
1096,5,0,20
1097,5,0,20
1098,5,0,20
1099,5,0,20
1100,5,0,20
1101,5,0,20
1102,5,0,20
1103,5,0,20
1104,5,0,20
1105,5,0,20
1106,5,0,20
1107,5,0,20
1108,5,0,20
1109,5,0,20
1110,5,0,20
1111,5,0,20
1112,5,0,20
1113,5,0,20
1114,5,0,20
1115,5,0,20
1116,5,0,20
1117,5,0,20
1118,5,0,20
1119,5,0,20
1120,5,0,20
1121,5,0,20
1122,5,0,20
1123,5,0,20
1124,5,0,20
1125,5,0,20
1126,5,0,20
1127,5,0,20
1128,5,0,20
1129,5,0,20
1130,5,0,20
1131,5,0,20
1132,5,0,20
1133,5,0,20
1134,5,0,20
1135,5,0,20
1136,5,0,20
1137,5,0,20
1138,5,0,20
1139,5,0,20
1140,5,0,20
1141,5,0,20
1142,5,0,20
1143,5,0,20
1144,5,0,20
1145,5,0,20
1146,5,0,20
1147,5,0,20
1148,5,0,20
1149,5,0,20
1150,5,0,20
1151,5,0,20
1152,5,0,20
1153,5,0,20
1154,5,0,20
1155,5,0,20
1156,5,0,20
1157,5,0,20
1158,5,0,20
1159,5,0,20
1160,5,0,20
1161,5,0,20
1162,5,0,20
1163,5,0,20
1164,5,0,20
1165,5,0,20
1166,5,0,20
1167,5,0,20
1168,5,0,20
1169,5,0,20
1170,5,0,20
1171,5,0,20
1172,5,0,20
1173,5,0,20
1174,5,0,20
1175,5,0,20
1176,5,0,20
1177,5,0,20
1178,5,0,20
1179,5,0,20
1180,5,0,20
1181,5,0,20
1182,5,0,20
1183,5,0,20
1184,5,0,20
1185,5,0,20
1186,5,0,20
1187,5,0,20
1188,5,0,20
1189,5,0,20
1190,5,0,20
1191,5,0,20
1192,5,0,20
1193,5,0,20
1194,5,0,20
1195,5,0,20
1196,5,0,20
1197,5,0,20
1198,5,0,20
1199,5,0,20
1200,5,0,20
1201,5,0,20
1202,5,0,20
1203,5,0,20
1204,5,0,20
1205,5,0,20
1206,5,0,20
1207,5,0,20
1208,5,0,20
1209,5,0,20
1210,5,0,20
1211,5,0,20
1212,5,0,20
1213,5,0,20
1214,5,0,20
1215,5,0,20
1216,5,0,20
1217,5,0,20
1218,5,0,20
1219,5,0,20
1220,5,0,20
1221,5,0,20
1222,5,0,20
1223,5,0,20
1224,5,0,20
1225,5,0,20
1226,5,0,20
1227,5,0,20
1228,5,0,20
1229,5,0,20
1230,5,0,20
1231,5,0,20
1232,5,0,20
1233,5,0,20
1234,5,0,20
1235,5,0,20
1236,5,0,20
1237,5,0,20
1238,5,0,20
1239,5,0,20
1240,5,0,20
1241,5,0,20
1242,5,0,20
1243,5,0,20
1244,5,0,20
1245,5,0,20
1246,5,0,20
1247,5,0,20
1248,5,0,20
1249,5,0,20
1250,5,0,20
1251,5,0,20
1252,5,0,20
1253,5,0,20
1254,5,0,20
1255,5,0,20
1256,5,0,20
1257,5,0,20
1258,5,0,20
1259,5,0,20
1260,5,0,20
1261,5,0,20
1262,5,0,20
1263,5,0,20
1264,5,0,20
1265,5,0,20
1266,5,0,20
1267,5,0,20
1268,5,0,20
1269,5,0,20
1270,5,0,20
1271,5,0,20
1272,5,0,20
1273,5,0,20
1274,5,0,20
1275,5,0,20
1276,5,0,20
1277,5,0,20
1278,5,0,20
1279,5,0,20
1280,5,0,20
1281,5,0,20
1282,5,0,20
1283,5,0,20
1284,5,0,20
1285,5,0,20
1286,5,0,20
1287,5,0,20
1288,5,0,20
1289,5,0,20
1290,5,0,20
1291,5,0,20
1292,5,0,20
1293,5,0,20
1294,5,0,20
1295,5,0,20
1296,5,0,20
1297,5,0,20
1298,5,0,20
1299,5,0,20
1300,5,0,20
1301,5,0,20
1302,5,0,20
1303,5,0,20
1304,5,0,20
1305,5,0,20
1306,5,0,20
1307,5,0,20
1308,5,0,20
1309,5,0,20
1310,5,0,20
1311,5,0,20
1312,5,0,20
1313,5,0,20
1314,5,0,20
1315,5,0,20
1316,5,0,20
1317,5,0,20
1318,5,0,20
1319,5,0,20
1320,5,0,20
1321,5,0,20
1322,5,0,20
1323,5,0,20
1324,5,0,20
1325,5,0,20
1326,5,0,20
1327,5,0,20
1328,5,0,20
1329,5,0,20
1330,5,0,20
1331,5,0,20
1332,5,0,20
1333,5,0,20
1334,5,0,20
1335,5,0,20
1336,5,0,20
1337,5,0,20
1338,5,0,20
1339,5,0,20
1340,5,0,20
1341,5,0,20
1342,5,0,20
1343,5,0,20
1344,5,0,20
1345,5,0,20
1346,5,0,20
1347,5,0,20
1348,5,0,20
1349,5,0,20
1350,5,0,20
1351,5,0,20
1352,5,0,20
1353,5,0,20
1354,5,0,20
1355,5,0,20
1356,5,0,20
1357,5,0,20
1358,5,0,20
1359,5,0,20
1360,5,0,20
1361,5,0,20
1362,5,0,20
1363,5,0,20
1364,5,0,20
1365,5,0,20
1366,5,0,20
1367,5,0,20
1368,5,0,20
1369,5,0,20
1370,5,0,20
1371,5,0,20
1372,5,0,20
1373,5,0,20
1374,5,0,20
1375,5,0,20
1376,5,0,20
1377,5,0,20
1378,5,0,20
1379,5,0,20
1380,5,0,20
1381,5,0,20
1382,5,0,20
1383,5,0,20
1384,5,0,20
1385,5,0,20
1386,5,0,20
1387,5,0,20
1388,5,0,20
1389,5,0,20
1390,5,0,20
1391,5,0,20
1392,5,0,20
1393,5,0,20
1394,5,0,20
1395,5,0,20
1396,5,0,20
1397,5,0,20
1398,5,0,20
1399,5,0,20
1400,5,0,20
1401,5,0,20
1402,5,0,20
1403,5,0,20
1404,5,0,20
1405,5,0,20
1406,5,0,20
1407,5,0,20
1408,5,0,20
1409,5,0,20
1410,5,0,20
1411,5,0,20
1412,5,0,20
1413,5,0,20
1414,5,0,20
1415,5,0,20
1416,5,0,20
1417,5,0,20
1418,5,0,20
1419,5,0,20
1420,5,0,20
1421,5,0,20
1422,5,0,20
1423,5,0,20
1424,5,0,20
1425,5,0,20
1426,5,0,20
1427,5,0,20
1428,5,0,20
1429,5,0,20
1430,5,0,20
1431,5,0,20
1432,5,0,20
1433,5,0,20
1434,5,0,20
1435,5,0,20
1436,5,0,20
1437,5,0,20
1438,5,0,20
1439,5,0,20
1440,5,0,20
1441,5,0,20
1442,5,0,20
1443,5,0,20
1444,5,0,20
1445,5,0,20
1446,5,0,20
1447,5,0,20
1448,5,0,20
1449,5,0,20
1450,5,0,20
1451,5,0,20
1452,5,0,20
1453,5,0,20
1454,5,0,20
1455,5,0,20
1456,5,0,20
1457,5,0,20
1458,5,0,20
1459,5,0,20
1460,5,0,20
1461,5,0,20
1462,5,0,20
1463,5,0,20
1464,5,0,20
1465,5,0,20
1466,5,0,20
1467,5,0,20
1468,5,0,20
1469,5,0,20
1470,5,0,20
1471,5,0,20
1472,5,0,20
1473,5,0,20
1474,5,0,20
1475,5,0,20
1476,5,0,20
1477,5,0,20
1478,5,0,20
1479,5,0,20
1480,5,0,20
1481,5,0,20
1482,5,0,20
1483,5,0,20
1484,5,0,20
1485,5,0,20
1486,5,0,20
1487,5,0,20
1488,5,0,20
1489,5,0,20
1490,5,0,20
1491,5,0,20
1492,5,0,20
1493,5,0,20
1494,5,0,20
1495,5,0,20
1496,5,0,20
1497,5,0,20
1498,5,0,20
1499,5,0,20
1500,5,0,20
1501,5,0,20
1502,5,0,20
1503,5,0,20
1504,5,0,20
1505,5,0,20
1506,5,0,20
1507,5,0,20
1508,5,0,20
1509,5,0,20
1510,5,0,20
1511,5,0,20
1512,5,0,20
1513,5,0,20
1514,5,0,20
1515,5,0,20
1516,5,0,20
1517,5,0,20
1518,5,0,20
1519,5,0,20
1520,5,0,20
1521,5,0,20
1522,5,0,20
1523,5,0,20
1524,5,0,20
1525,5,0,20
1526,5,0,20
1527,5,0,20
1528,5,0,20
1529,5,0,20
1530,5,0,20
1531,5,0,20
1532,5,0,20
1533,5,0,20
1534,5,0,20
1535,5,0,20
1536,5,0,20
1537,5,0,20
1538,5,0,20
1539,5,0,20
1540,5,0,20
1541,5,0,20
1542,5,0,20
1543,5,0,20
1544,5,0,20
1545,5,0,20
1546,5,0,20
1547,5,0,20
1548,5,0,20
1549,5,0,20
1550,5,0,20
1551,5,0,20
1552,5,0,20
1553,5,0,20
1554,5,0,20
1555,5,0,20
1556,5,0,20
1557,5,0,20
1558,5,0,20
1559,5,0,20
1560,5,0,20
1561,5,0,20
1562,5,0,20
1563,5,0,20
1564,5,0,20
1565,5,0,20
1566,5,0,20
1567,5,0,20
1568,5,0,20
1569,5,0,20
1570,5,0,20
1571,5,0,20
1572,5,0,20
1573,5,0,20
1574,5,0,20
1575,5,0,20
1576,5,0,20
1577,5,0,20
1578,5,0,20
1579,5,0,20
1580,5,0,20
1581,5,0,20
1582,5,0,20
1583,5,0,20
1584,5,0,20
1585,5,0,20
1586,5,0,20
1587,5,0,20
1588,5,0,20
1589,5,0,20
1590,5,0,20
1591,5,0,20
1592,5,0,20
1593,5,0,20
1594,5,0,20
1595,5,0,20
1596,5,0,20
1597,5,0,20
1598,5,0,20
1599,5,0,20
1600,5,0,20
1601,5,0,20
1602,5,0,20
1603,5,0,20
1604,5,0,20
1605,5,0,20
1606,5,0,20
1607,5,0,20
1608,5,0,20
1609,5,0,20
1610,5,0,20
1611,5,0,20
1612,5,0,20
1613,5,0,20
1614,5,0,20
1615,5,0,20
1616,5,0,20
1617,5,0,20
1618,5,0,20
1619,5,0,20
1620,5,0,20
1621,5,0,20
1622,5,0,20
1623,5,0,20
1624,5,0,20
1625,5,0,20
1626,5,0,20
1627,5,0,20
1628,5,0,20
1629,5,0,20
1630,5,0,20
1631,5,0,20
1632,5,0,20
1633,5,0,20
1634,5,0,20
1635,5,0,20
1636,5,0,20
1637,5,0,20
1638,5,0,20
1639,5,0,20
1640,5,0,20
1641,5,0,20
1642,5,0,20
1643,5,0,20
1644,5,0,20
1645,5,0,20
1646,5,0,20
1647,5,0,20
1648,5,0,20
1649,5,0,20
1650,5,0,20
1651,5,0,20
1652,5,0,20
1653,5,0,20
1654,5,0,20
1655,5,0,20
1656,5,0,20
1657,5,0,20
1658,5,0,20
1659,5,0,20
1660,5,0,20
1661,5,0,20
1662,5,0,20
1663,5,0,20
1664,5,0,20
1665,5,0,20
1666,5,0,20
1667,5,0,20
1668,5,0,20
1669,5,0,20
1670,5,0,20
1671,5,0,20
1672,5,0,20
1673,5,0,20
1674,5,0,20
1675,5,0,20
1676,5,0,20
1677,5,0,20
1678,5,0,20
1679,5,0,20
1680,5,0,20
1681,5,0,20
1682,5,0,20
1683,5,0,20
1684,5,0,20
1685,5,0,20
1686,5,0,20
1687,5,0,20
1688,5,0,20
1689,5,0,20
1690,5,0,20
1691,5,0,20
1692,5,0,20
1693,5,0,20
1694,5,0,20
1695,5,0,20
1696,5,0,20
1697,5,0,20
1698,5,0,20
1699,5,0,20
1700,5,0,20
1701,5,0,20
1702,5,0,20
1703,5,0,20
1704,5,0,20
1705,5,0,20
1706,5,0,20
1707,5,0,20
1708,5,0,20
1709,5,0,20
1710,5,0,20
1711,5,0,20
1712,5,0,20
1713,5,0,20
1714,5,0,20
1715,5,0,20
1716,5,0,20
1717,5,0,20
1718,5,0,20
1719,5,0,20
1720,5,0,20
1721,5,0,20
1722,5,0,20
1723,5,0,20
1724,5,0,20
1725,5,0,20
1726,5,0,20
1727,5,0,20
1728,5,0,20
1729,5,0,20
1730,5,0,20
1731,5,0,20
1732,5,0,20
1733,5,0,20
1734,5,0,20
1735,5,0,20
1736,5,0,20
1737,5,0,20
1738,5,0,20
1739,5,0,20
1740,5,0,20
1741,5,0,20
1742,5,0,20
1743,5,0,20
1744,5,0,20
1745,5,0,20
1746,5,0,20
1747,5,0,20
1748,5,0,20
1749,5,0,20
1750,5,0,20
1751,5,0,20
1752,5,0,20
1753,5,0,20
1754,5,0,20
1755,5,0,20
1756,5,0,20
1757,5,0,20
1758,5,0,20
1759,5,0,20
1760,5,0,20
1761,5,0,20
1762,5,0,20
1763,5,0,20
1764,5,0,20
1765,5,0,20
1766,5,0,20
1767,5,0,20
1768,5,0,20
1769,5,0,20
1770,5,0,20
1771,5,0,20
1772,5,0,20
1773,5,0,20
1774,5,0,20
1775,5,0,20
1776,5,0,20
1777,5,0,20
1778,5,0,20
1779,5,0,20
1780,5,0,20
1781,5,0,20
1782,5,0,20
1783,5,0,20
1784,5,0,20
1785,5,0,20
1786,5,0,20
1787,5,0,20
1788,5,0,20
1789,5,0,20
1790,5,0,20
1791,5,0,20
1792,5,0,20
1793,5,0,20
1794,5,0,20
1795,5,0,20
1796,5,0,20
1797,5,0,20
1798,5,0,20
1799,5,0,20
1800,5,0,20
1801,5,0,20
1802,5,0,20
1803,5,0,20
1804,5,0,20
1805,5,0,20
1806,5,0,20
1807,5,0,20
1808,5,0,20
1809,5,0,20
1810,5,0,20
1811,5,0,20
1812,5,0,20
1813,5,0,20
1814,5,0,20
1815,5,0,20
1816,5,0,20
1817,5,0,20
1818,5,0,20
1819,5,0,20
1820,5,0,20
1821,5,0,20
1822,5,0,20
1823,5,0,20
1824,5,0,20
1825,5,0,20
1826,5,0,20
1827,5,0,20
1828,5,0,20
1829,5,0,20
1830,5,0,20
1831,5,0,20
1832,5,0,20
1833,5,0,20
1834,5,0,20
1835,5,0,20
1836,5,0,20
1837,5,0,20
1838,5,0,20
1839,5,0,20
1840,5,0,20
1841,5,0,20
1842,5,0,20
1843,5,0,20
1844,5,0,20
1845,5,0,20
1846,5,0,20
1847,5,0,20
1848,5,0,20
1849,5,0,20
1850,5,0,20
1851,5,0,20
1852,5,0,20
1853,5,0,20
1854,5,0,20
1855,5,0,20
1856,5,0,20
1857,5,0,20
1858,5,0,20
1859,5,0,20
1860,5,0,20
1861,5,0,20
1862,5,0,20
1863,5,0,20
1864,5,0,20
1865,5,0,20
1866,5,0,20
1867,5,0,20
1868,5,0,20
1869,5,0,20
1870,5,0,20
1871,5,0,20
1872,5,0,20
1873,5,0,20
1874,5,0,20
1875,5,0,20
1876,5,0,20
1877,5,0,20
1878,5,0,20
1879,5,0,20
1880,5,0,20
1881,5,0,20
1882,5,0,20
1883,5,0,20
1884,5,0,20
1885,5,0,20
1886,5,0,20
1887,5,0,20
1888,5,0,20
1889,5,0,20
1890,5,0,20
1891,5,0,20
1892,5,0,20
1893,5,0,20
1894,5,0,20
1895,5,0,20
1896,5,0,20
1897,5,0,20
1898,5,0,20
1899,5,0,20
1900,5,0,20
1901,5,0,20
1902,5,0,20
1903,5,0,20
1904,5,0,20
1905,5,0,20
1906,5,0,20
1907,5,0,20
1908,5,0,20
1909,5,0,20
1910,5,0,20
1911,5,0,20
1912,5,0,20
1913,5,0,20
1914,5,0,20
1915,5,0,20
1916,5,0,20
1917,5,0,20
1918,5,0,20
1919,5,0,20
1920,5,0,20
1921,5,0,20
1922,5,0,20
1923,5,0,20
1924,5,0,20
1925,5,0,20
1926,5,0,20
1927,5,0,20
1928,5,0,20
1929,5,0,20
1930,5,0,20
1931,5,0,20
1932,5,0,20
1933,5,0,20
1934,5,0,20
1935,5,0,20
1936,5,0,20
1937,5,0,20
1938,5,0,20
1939,5,0,20
1940,5,0,20
1941,5,0,20
1942,5,0,20
1943,5,0,20
1944,5,0,20
1945,5,0,20
1946,5,0,20
1947,5,0,20
1948,5,0,20
1949,5,0,20
1950,5,0,20
1951,5,0,20
1952,5,0,20
1953,5,0,20
1954,5,0,20
1955,5,0,20
1956,5,0,20
1957,5,0,20
1958,5,0,20
1959,5,0,20
1960,5,0,20
1961,5,0,20
1962,5,0,20
1963,5,0,20
1964,5,0,20
1965,5,0,20
1966,5,0,20
1967,5,0,20
1968,5,0,20
1969,5,0,20
1970,5,0,20
1971,5,0,20
1972,5,0,20
1973,5,0,20
1974,5,0,20
1975,5,0,20
1976,5,0,20
1977,5,0,20
1978,5,0,20
1979,5,0,20
1980,5,0,20
1981,5,0,20
1982,5,0,20
1983,5,0,20
1984,5,0,20
1985,5,0,20
1986,5,0,20
1987,5,0,20
1988,5,0,20
1989,5,0,20
1990,5,0,20
1991,5,0,20
1992,5,0,20
1993,5,0,20
1994,5,0,20
1995,5,0,20
1996,5,0,20
1997,5,0,20
1998,5,0,20
1999,5,0,20
2000,5,0,20
2001,5,0,20
2002,5,0,20
2003,5,0,20
2004,5,0,20
2005,5,0,20
2006,5,0,20
2007,5,0,20
2008,5,0,20
2009,5,0,20
2010,5,0,20
2011,5,0,20
2012,5,0,20
2013,5,0,20
2014,5,0,20
2015,5,0,20
2016,5,0,20
2017,5,0,20
2018,5,0,20
2019,5,0,20
2020,5,0,20
2021,5,0,20
2022,5,0,20
2023,5,0,20
2024,5,0,20
2025,5,0,20
2026,5,0,20
2027,5,0,20
2028,5,0,20
2029,5,0,20
2030,5,0,20
2031,5,0,20
2032,5,0,20
2033,5,0,20
2034,5,0,20
2035,5,0,20
2036,5,0,20
2037,5,0,20
2038,5,0,20
2039,5,0,20
2040,5,0,20
2041,5,0,20
2042,5,0,20
2043,5,0,20
2044,5,0,20
2045,5,0,20
2046,5,0,20
2047,5,0,20
2048,5,0,20
2049,5,0,20
2050,5,0,20
2051,5,0,20
2052,5,0,20
2053,5,0,20
2054,5,0,20
2055,5,0,20
2056,5,0,20
2057,5,0,20
2058,5,0,20
2059,5,0,20
2060,5,0,20
2061,5,0,20
2062,5,0,20
2063,5,0,20
2064,5,0,20
2065,5,0,20
2066,5,0,20
2067,5,0,20
2068,5,0,20
2069,5,0,20
2070,5,0,20
2071,5,0,20
2072,5,0,20
2073,5,0,20
2074,5,0,20
2075,5,0,20
2076,5,0,20
2077,5,0,20
2078,5,0,20
2079,5,0,20
2080,5,0,20
2081,5,0,20
2082,5,0,20
2083,5,0,20
2084,5,0,20
2085,5,0,20
2086,5,0,20
2087,5,0,20
2088,5,0,20
2089,5,0,20
2090,5,0,20
2091,5,0,20
2092,5,0,20
2093,5,0,20
2094,5,0,20
2095,5,0,20
2096,5,0,20
2097,5,0,20
2098,5,0,20
2099,5,0,20
2100,5,0,20
2101,5,0,20
2102,5,0,20
2103,5,0,20
2104,5,0,20
2105,5,0,20
2106,5,0,20
2107,5,0,20
2108,5,0,20
2109,5,0,20
2110,5,0,20
2111,5,0,20
2112,5,0,20
2113,5,0,20
2114,5,0,20
2115,5,0,20
2116,5,0,20
2117,5,0,20
2118,5,0,20
2119,5,0,20
2120,5,0,20
2121,5,0,20
2122,5,0,20
2123,5,0,20
2124,5,0,20
2125,5,0,20
2126,5,0,20
2127,5,0,20
2128,5,0,20
2129,5,0,20
2130,5,0,20
2131,5,0,20
2132,5,0,20
2133,5,0,20
2134,5,0,20
2135,5,0,20
2136,5,0,20
2137,5,0,20
2138,5,0,20
2139,5,0,20
2140,5,0,20
2141,5,0,20
2142,5,0,20
2143,5,0,20
2144,5,0,20
2145,5,0,20
2146,5,0,20
2147,5,0,20
2148,5,0,20
2149,5,0,20
2150,5,0,20
2151,5,0,20
2152,5,0,20
2153,5,0,20
2154,5,0,20
2155,5,0,20
2156,5,0,20
2157,5,0,20
2158,5,0,20
2159,5,0,20
2160,5,0,20
2161,5,0,20
2162,5,0,20
2163,5,0,20
2164,5,0,20
2165,5,0,20
2166,5,0,20
2167,5,0,20
2168,5,0,20
2169,5,0,20
2170,5,0,20
2171,5,0,20
2172,5,0,20
2173,5,0,20
2174,5,0,20
2175,5,0,20
2176,5,0,20
2177,5,0,20
2178,5,0,20
2179,5,0,20
2180,5,0,20
2181,5,0,20
2182,5,0,20
2183,5,0,20
2184,5,0,20
2185,5,0,20
2186,5,0,20
2187,5,0,20
2188,5,0,20
2189,5,0,20
2190,5,0,20
2191,5,0,20
2192,5,0,20
2193,5,0,20
2194,5,0,20
2195,5,0,20
2196,5,0,20
2197,5,0,20
2198,5,0,20
2199,5,0,20
2200,5,0,20
2201,5,0,20
2202,5,0,20
2203,5,0,20
2204,5,0,20
2205,5,0,20
2206,5,0,20
2207,5,0,20
2208,5,0,20
2209,5,0,20
2210,5,0,20
2211,5,0,20
2212,5,0,20
2213,5,0,20
2214,5,0,20
2215,5,0,20
2216,5,0,20
2217,5,0,20
2218,5,0,20
2219,5,0,20
2220,5,0,20
2221,5,0,20
2222,5,0,20
2223,5,0,20
2224,5,0,20
2225,5,0,20
2226,5,0,20
2227,5,0,20
2228,5,0,20
2229,5,0,20
2230,5,0,20
2231,5,0,20
2232,5,0,20
2233,5,0,20
2234,5,0,20
2235,5,0,20
2236,5,0,20
2237,5,0,20
2238,5,0,20
2239,5,0,20
2240,5,0,20
2241,5,0,20
2242,5,0,20
2243,5,0,20
2244,5,0,20
2245,5,0,20
2246,5,0,20
2247,5,0,20
2248,5,0,20
2249,5,0,20
2250,5,0,20
2251,5,0,20
2252,5,0,20
2253,5,0,20
2254,5,0,20
2255,5,0,20
2256,5,0,20
2257,5,0,20
2258,5,0,20
2259,5,0,20
2260,5,0,20
2261,5,0,20
2262,5,0,20
2263,5,0,20
2264,5,0,20
2265,5,0,20
2266,5,0,20
2267,5,0,20
2268,5,0,20
2269,5,0,20
2270,5,0,20
2271,5,0,20
2272,5,0,20
2273,5,0,20
2274,5,0,20
2275,5,0,20
2276,5,0,20
2277,5,0,20
2278,5,0,20
2279,5,0,20
2280,5,0,20
2281,5,0,20
2282,5,0,20
2283,5,0,20
2284,5,0,20
2285,5,0,20
2286,5,0,20
2287,5,0,20
2288,5,0,20
2289,5,0,20
2290,5,0,20
2291,5,0,20
2292,5,0,20
2293,5,0,20
2294,5,0,20
2295,5,0,20
2296,5,0,20
2297,5,0,20
2298,5,0,20
2299,5,0,20
2300,5,0,20
2301,5,0,20
2302,5,0,20
2303,5,0,20
2304,5,0,20
2305,5,0,20
2306,5,0,20
2307,5,0,20
2308,5,0,20
2309,5,0,20
2310,5,0,20
2311,5,0,20
2312,5,0,20
2313,5,0,20
2314,5,0,20
2315,5,0,20
2316,5,0,20
2317,5,0,20
2318,5,0,20
2319,5,0,20
2320,5,0,20
2321,5,0,20
2322,5,0,20
2323,5,0,20
2324,5,0,20
2325,5,0,20
2326,5,0,20
2327,5,0,20
2328,5,0,20
2329,5,0,20
2330,5,0,20
2331,5,0,20
2332,5,0,20
2333,5,0,20
2334,5,0,20
2335,5,0,20
2336,5,0,20
2337,5,0,20
2338,5,0,20
2339,5,0,20
2340,5,0,20
2341,5,0,20
2342,5,0,20
2343,5,0,20
2344,5,0,20
2345,5,0,20
2346,5,0,20
2347,5,0,20
2348,5,0,20
2349,5,0,20
2350,5,0,20
2351,5,0,20
2352,5,0,20
2353,5,0,20
2354,5,0,20
2355,5,0,20
2356,5,0,20
2357,5,0,20
2358,5,0,20
2359,5,0,20
2360,5,0,20
2361,5,0,20
2362,5,0,20
2363,5,0,20
2364,5,0,20
2365,5,0,20
2366,5,0,20
2367,5,0,20
2368,5,0,20
2369,5,0,20
2370,5,0,20
2371,5,0,20
2372,5,0,20
2373,5,0,20
2374,5,0,20
2375,5,0,20
2376,5,0,20
2377,5,0,20
2378,5,0,20
2379,5,0,20
2380,5,0,20
2381,5,0,20
2382,5,0,20
2383,5,0,20
2384,5,0,20
2385,5,0,20
2386,5,0,20
2387,5,0,20
2388,5,0,20
2389,5,0,20
2390,5,0,20
2391,5,0,20
2392,5,0,20
2393,5,0,20
2394,5,0,20
2395,5,0,20
2396,5,0,20
2397,5,0,20
2398,5,0,20
2399,5,0,20
2400,5,0,20
2401,5,0,20
2402,5,0,20
2403,5,0,20
2404,5,0,20
2405,5,0,20
2406,5,0,20
2407,5,0,20
2408,5,0,20
2409,5,0,20
2410,5,0,20
2411,5,0,20
2412,5,0,20
2413,5,0,20
2414,5,0,20
2415,5,0,20
2416,5,0,20
2417,5,0,20
2418,5,0,20
2419,5,0,20
2420,5,0,20
2421,5,0,20
2422,5,0,20
2423,5,0,20
2424,5,0,20
2425,5,0,20
2426,5,0,20
2427,5,0,20
2428,5,0,20
2429,5,0,20
2430,5,0,20
2431,5,0,20
2432,5,0,20
2433,5,0,20
2434,5,0,20
2435,5,0,20
2436,5,0,20
2437,5,0,20
2438,5,0,20
2439,5,0,20
2440,5,0,20
2441,5,0,20
2442,5,0,20
2443,5,0,20
2444,5,0,20
2445,5,0,20
2446,5,0,20
2447,5,0,20
2448,5,0,20
2449,5,0,20
2450,5,0,20
2451,5,0,20
2452,5,0,20
2453,5,0,20
2454,5,0,20
2455,5,0,20
2456,5,0,20
2457,5,0,20
2458,5,0,20
2459,5,0,20
2460,5,0,20
2461,5,0,20
2462,5,0,20
2463,5,0,20
2464,5,0,20
2465,5,0,20
2466,5,0,20
2467,5,0,20
2468,5,0,20
2469,5,0,20
2470,5,0,20
2471,5,0,20
2472,5,0,20
2473,5,0,20
2474,5,0,20
2475,5,0,20
2476,5,0,20
2477,5,0,20
2478,5,0,20
2479,5,0,20
2480,5,0,20
2481,5,0,20
2482,5,0,20
2483,5,0,20
2484,5,0,20
2485,5,0,20
2486,5,0,20
2487,5,0,20
2488,5,0,20
2489,5,0,20
2490,5,0,20
2491,5,0,20
2492,5,0,20
2493,5,0,20
2494,5,0,20
2495,5,0,20
2496,5,0,20
2497,5,0,20
2498,5,0,20
2499,5,0,20
2500,5,0,20
2501,5,0,20
2502,5,0,20
2503,5,0,20
2504,5,0,20
2505,5,0,20
2506,5,0,20
2507,5,0,20
2508,5,0,20
2509,5,0,20
2510,5,0,20
2511,5,0,20
2512,5,0,20
2513,5,0,20
2514,5,0,20
2515,5,0,20
2516,5,0,20
2517,5,0,20
2518,5,0,20
2519,5,0,20
2520,5,0,20
2521,5,0,20
2522,5,0,20
2523,5,0,20
2524,5,0,20
2525,5,0,20
2526,5,0,20
2527,5,0,20
2528,5,0,20
2529,5,0,20
2530,5,0,20
2531,5,0,20
2532,5,0,20
2533,5,0,20
2534,5,0,20
2535,5,0,20
2536,5,0,20
2537,5,0,20
2538,5,0,20
2539,5,0,20
2540,5,0,20
2541,5,0,20
2542,5,0,20
2543,5,0,20
2544,5,0,20
2545,5,0,20
2546,5,0,20
2547,5,0,20
2548,5,0,20
2549,5,0,20
2550,5,0,20
2551,5,0,20
2552,5,0,20
2553,5,0,20
2554,5,0,20
2555,5,0,20
2556,5,0,20
2557,5,0,20
2558,5,0,20
2559,5,0,20
2560,5,0,20
2561,5,0,20
2562,5,0,20
2563,5,0,20
2564,5,0,20
2565,5,0,20
2566,5,0,20
2567,5,0,20
2568,5,0,20
2569,5,0,20
2570,5,0,20
2571,5,0,20
2572,5,0,20
2573,5,0,20
2574,5,0,20
2575,5,0,20
2576,5,0,20
2577,5,0,20
2578,5,0,20
2579,5,0,20
2580,5,0,20
2581,5,0,20
2582,5,0,20
2583,5,0,20
2584,5,0,20
2585,5,0,20
2586,5,0,20
2587,5,0,20
2588,5,0,20
2589,5,0,20
2590,5,0,20
2591,5,0,20
2592,5,0,20
2593,5,0,20
2594,5,0,20
2595,5,0,20
2596,5,0,20
2597,5,0,20
2598,5,0,20
2599,5,0,20
2600,5,0,20
2601,5,0,20
2602,5,0,20
2603,5,0,20
2604,5,0,20
2605,5,0,20
2606,5,0,20
2607,5,0,20
2608,5,0,20
2609,5,0,20
2610,5,0,20
2611,5,0,20
2612,5,0,20
2613,5,0,20
2614,5,0,20
2615,5,0,20
2616,5,0,20
2617,5,0,20
2618,5,0,20
2619,5,0,20
2620,5,0,20
2621,5,0,20
2622,5,0,20
2623,5,0,20
2624,5,0,20
2625,5,0,20
2626,5,0,20
2627,5,0,20
2628,5,0,20
2629,5,0,20
2630,5,0,20
2631,5,0,20
2632,5,0,20
2633,5,0,20
2634,5,0,20
2635,5,0,20
2636,5,0,20
2637,5,0,20
2638,5,0,20
2639,5,0,20
2640,5,0,20
2641,5,0,20
2642,5,0,20
2643,5,0,20
2644,5,0,20
2645,5,0,20
2646,5,0,20
2647,5,0,20
2648,5,0,20
2649,5,0,20
2650,5,0,20
2651,5,0,20
2652,5,0,20
2653,5,0,20
2654,5,0,20
2655,5,0,20
2656,5,0,20
2657,5,0,20
2658,5,0,20
2659,5,0,20
2660,5,0,20
2661,5,0,20
2662,5,0,20
2663,5,0,20
2664,5,0,20
2665,5,0,20
2666,5,0,20
2667,5,0,20
2668,5,0,20
2669,5,0,20
2670,5,0,20
2671,5,0,20
2672,5,0,20
2673,5,0,20
2674,5,0,20
2675,5,0,20
2676,5,0,20
2677,5,0,20
2678,5,0,20
2679,5,0,20
2680,5,0,20
2681,5,0,20
2682,5,0,20
2683,5,0,20
2684,5,0,20
2685,5,0,20
2686,5,0,20
2687,5,0,20
2688,5,0,20
2689,5,0,20
2690,5,0,20
2691,5,0,20
2692,5,0,20
2693,5,0,20
2694,5,0,20
2695,5,0,20
2696,5,0,20
2697,5,0,20
2698,5,0,20
2699,5,0,20
2700,5,0,20
2701,5,0,20
2702,5,0,20
2703,5,0,20
2704,5,0,20
2705,5,0,20
2706,5,0,20
2707,5,0,20
2708,5,0,20
2709,5,0,20
2710,5,0,20
2711,5,0,20
2712,5,0,20
2713,5,0,20
2714,5,0,20
2715,5,0,20
2716,5,0,20
2717,5,0,20
2718,5,0,20
2719,5,0,20
2720,5,0,20
2721,5,0,20
2722,5,0,20
2723,5,0,20
2724,5,0,20
2725,5,0,20
2726,5,0,20
2727,5,0,20
2728,5,0,20
2729,5,0,20
2730,5,0,20
2731,5,0,20
2732,5,0,20
2733,5,0,20
2734,5,0,20
2735,5,0,20
2736,5,0,20
2737,5,0,20
2738,5,0,20
2739,5,0,20
2740,5,0,20
2741,5,0,20
2742,5,0,20
2743,5,0,20
2744,5,0,20
2745,5,0,20
2746,5,0,20
2747,5,0,20
2748,5,0,20
2749,5,0,20
2750,5,0,20
2751,5,0,20
2752,5,0,20
2753,5,0,20
2754,5,0,20
2755,5,0,20
2756,5,0,20
2757,5,0,20
2758,5,0,20
2759,5,0,20
2760,5,0,20
2761,5,0,20
2762,5,0,20
2763,5,0,20
2764,5,0,20
2765,5,0,20
2766,5,0,20
2767,5,0,20
2768,5,0,20
2769,5,0,20
2770,5,0,20
2771,5,0,20
2772,5,0,20
2773,5,0,20
2774,5,0,20
2775,5,0,20
2776,5,0,20
2777,5,0,20
2778,5,0,20
2779,5,0,20
2780,5,0,20
2781,5,0,20
2782,5,0,20
2783,5,0,20
2784,5,0,20
2785,5,0,20
2786,5,0,20
2787,5,0,20
2788,5,0,20
2789,5,0,20
2790,5,0,20
2791,5,0,20
2792,5,0,20
2793,5,0,20
2794,5,0,20
2795,5,0,20
2796,5,0,20
2797,5,0,20
2798,5,0,20
2799,5,0,20
2800,5,0,20
2801,5,0,20
2802,5,0,20
2803,5,0,20
2804,5,0,20
2805,5,0,20
2806,5,0,20
2807,5,0,20
2808,5,0,20
2809,5,0,20
2810,5,0,20
2811,5,0,20
2812,5,0,20
2813,5,0,20
2814,5,0,20
2815,5,0,20
2816,5,0,20
2817,5,0,20
2818,5,0,20
2819,5,0,20
2820,5,0,20
2821,5,0,20
2822,5,0,20
2823,5,0,20
2824,5,0,20
2825,5,0,20
2826,5,0,20
2827,5,0,20
2828,5,0,20
2829,5,0,20
2830,5,0,20
2831,5,0,20
2832,5,0,20
2833,5,0,20
2834,5,0,20
2835,5,0,20
2836,5,0,20
2837,5,0,20
2838,5,0,20
2839,5,0,20
2840,5,0,20
2841,5,0,20
2842,5,0,20
2843,5,0,20
2844,5,0,20
2845,5,0,20
2846,5,0,20
2847,5,0,20
2848,5,0,20
2849,5,0,20
2850,5,0,20
2851,5,0,20
2852,5,0,20
2853,5,0,20
2854,5,0,20
2855,5,0,20
2856,5,0,20
2857,5,0,20
2858,5,0,20
2859,5,0,20
2860,5,0,20
2861,5,0,20
2862,5,0,20
2863,5,0,20
2864,5,0,20
2865,5,0,20
2866,5,0,20
2867,5,0,20
2868,5,0,20
2869,5,0,20
2870,5,0,20
2871,5,0,20
2872,5,0,20
2873,5,0,20
2874,5,0,20
2875,5,0,20
2876,5,0,20
2877,5,0,20
2878,5,0,20
2879,5,0,20
2880,5,0,20
2881,5,0,20
2882,5,0,20
2883,5,0,20
2884,5,0,20
2885,5,0,20
2886,5,0,20
2887,5,0,20
2888,5,0,20
2889,5,0,20
2890,5,0,20
2891,5,0,20
2892,5,0,20
2893,5,0,20
2894,5,0,20
2895,5,0,20
2896,5,0,20
2897,5,0,20
2898,5,0,20
2899,5,0,20
2900,5,0,20
2901,5,0,20
2902,5,0,20
2903,5,0,20
2904,5,0,20
2905,5,0,20
2906,5,0,20
2907,5,0,20
2908,5,0,20
2909,5,0,20
2910,5,0,20
2911,5,0,20
2912,5,0,20
2913,5,0,20
2914,5,0,20
2915,5,0,20
2916,5,0,20
2917,5,0,20
2918,5,0,20
2919,5,0,20
2920,5,0,20
2921,5,0,20
2922,5,0,20
2923,5,0,20
2924,5,0,20
2925,5,0,20
2926,5,0,20
2927,5,0,20
2928,5,0,20
2929,5,0,20
2930,5,0,20
2931,5,0,20
2932,5,0,20
2933,5,0,20
2934,5,0,20
2935,5,0,20
2936,5,0,20
2937,5,0,20
2938,5,0,20
2939,5,0,20
2940,5,0,20
2941,5,0,20
2942,5,0,20
2943,5,0,20
2944,5,0,20
2945,5,0,20
2946,5,0,20
2947,5,0,20
2948,5,0,20
2949,5,0,20
2950,5,0,20
2951,5,0,20
2952,5,0,20
2953,5,0,20
2954,5,0,20
2955,5,0,20
2956,5,0,20
2957,5,0,20
2958,5,0,20
2959,5,0,20
2960,5,0,20
2961,5,0,20
2962,5,0,20
2963,5,0,20
2964,5,0,20
2965,5,0,20
2966,5,0,20
2967,5,0,20
2968,5,0,20
2969,5,0,20
2970,5,0,20
2971,5,0,20
2972,5,0,20
2973,5,0,20
2974,5,0,20
2975,5,0,20
2976,5,0,20
2977,5,0,20
2978,5,0,20
2979,5,0,20
2980,5,0,20
2981,5,0,20
2982,5,0,20
2983,5,0,20
2984,5,0,20
2985,5,0,20
2986,5,0,20
2987,5,0,20
2988,5,0,20
2989,5,0,20
2990,5,0,20
2991,5,0,20
2992,5,0,20
2993,5,0,20
2994,5,0,20
2995,5,0,20
2996,5,0,20
2997,5,0,20
2998,5,0,20
2999,5,0,20
3000,5,0,20
3001,5,0,20
3002,5,0,20
3003,5,0,20
3004,5,0,20
3005,5,0,20
3006,5,0,20
3007,5,0,20
3008,5,0,20
3009,5,0,20
3010,5,0,20
3011,5,0,20
3012,5,0,20
3013,5,0,20
3014,5,0,20
3015,5,0,20
3016,5,0,20
3017,5,0,20
3018,5,0,20
3019,5,0,20
3020,5,0,20
3021,5,0,20
3022,5,0,20
3023,5,0,20
3024,5,0,20
3025,5,0,20
3026,5,0,20
3027,5,0,20
3028,5,0,20
3029,5,0,20
3030,5,0,20
3031,5,0,20
3032,5,0,20
3033,5,0,20
3034,5,0,20
3035,5,0,20
3036,5,0,20
3037,5,0,20
3038,5,0,20
3039,5,0,20
3040,5,0,20
3041,5,0,20
3042,5,0,20
3043,5,0,20
3044,5,0,20
3045,5,0,20
3046,5,0,20
3047,5,0,20
3048,5,0,20
3049,5,0,20
3050,5,0,20
3051,5,0,20
3052,5,0,20
3053,5,0,20
3054,5,0,20
3055,5,0,20
3056,5,0,20
3057,5,0,20
3058,5,0,20
3059,5,0,20
3060,5,0,20
3061,5,0,20
3062,5,0,20
3063,5,0,20
3064,5,0,20
3065,5,0,20
3066,5,0,20
3067,5,0,20
3068,5,0,20
3069,5,0,20
3070,5,0,20
3071,5,0,20
3072,5,0,20
3073,5,0,20
3074,5,0,20
3075,5,0,20
3076,5,0,20
3077,5,0,20
3078,5,0,20
3079,5,0,20
3080,5,0,20
3081,5,0,20
3082,5,0,20
3083,5,0,20
3084,5,0,20
3085,5,0,20
3086,5,0,20
3087,5,0,20
3088,5,0,20
3089,5,0,20
3090,5,0,20
3091,5,0,20
3092,5,0,20
3093,5,0,20
3094,5,0,20
3095,5,0,20
3096,5,0,20
3097,5,0,20
3098,5,0,20
3099,5,0,20
3100,5,0,20
3101,5,0,20
3102,5,0,20
3103,5,0,20
3104,5,0,20
3105,5,0,20
3106,5,0,20
3107,5,0,20
3108,5,0,20
3109,5,0,20
3110,5,0,20
3111,5,0,20
3112,5,0,20
3113,5,0,20
3114,5,0,20
3115,5,0,20
3116,5,0,20
3117,5,0,20
3118,5,0,20
3119,5,0,20
3120,5,0,20
3121,5,0,20
3122,5,0,20
3123,5,0,20
3124,5,0,20
3125,5,0,20
3126,5,0,20
3127,5,0,20
3128,5,0,20
3129,5,0,20
3130,5,0,20
3131,5,0,20
3132,5,0,20
3133,5,0,20
3134,5,0,20
3135,5,0,20
3136,5,0,20
3137,5,0,20
3138,5,0,20
3139,5,0,20
3140,5,0,20
3141,5,0,20
3142,5,0,20
3143,5,0,20
3144,5,0,20
3145,5,0,20
3146,5,0,20
3147,5,0,20
3148,5,0,20
3149,5,0,20
3150,5,0,20
3151,5,0,20
3152,5,0,20
3153,5,0,20
3154,5,0,20
3155,5,0,20
3156,5,0,20
3157,5,0,20
3158,5,0,20
3159,5,0,20
3160,5,0,20
3161,5,0,20
3162,5,0,20
3163,5,0,20
3164,5,0,20
3165,5,0,20
3166,5,0,20
3167,5,0,20
3168,5,0,20
3169,5,0,20
3170,5,0,20
3171,5,0,20
3172,5,0,20
3173,5,0,20
3174,5,0,20
3175,5,0,20
3176,5,0,20
3177,5,0,20
3178,5,0,20
3179,5,0,20
3180,5,0,20
3181,5,0,20
3182,5,0,20
3183,5,0,20
3184,5,0,20
3185,5,0,20
3186,5,0,20
3187,5,0,20
3188,5,0,20
3189,5,0,20
3190,5,0,20
3191,5,0,20
3192,5,0,20
3193,5,0,20
3194,5,0,20
3195,5,0,20
3196,5,0,20
3197,5,0,20
3198,5,0,20
3199,5,0,20
3200,5,0,20
3201,5,0,20
3202,5,0,20
3203,5,0,20
3204,5,0,20
3205,5,0,20
3206,5,0,20
3207,5,0,20
3208,5,0,20
3209,5,0,20
3210,5,0,20
3211,5,0,20
3212,5,0,20
3213,5,0,20
3214,5,0,20
3215,5,0,20
3216,5,0,20
3217,5,0,20
3218,5,0,20
3219,5,0,20
3220,5,0,20
3221,5,0,20
3222,5,0,20
3223,5,0,20
3224,5,0,20
3225,5,0,20
3226,5,0,20
3227,5,0,20
3228,5,0,20
3229,5,0,20
3230,5,0,20
3231,5,0,20
3232,5,0,20
3233,5,0,20
3234,5,0,20
3235,5,0,20
3236,5,0,20
3237,5,0,20
3238,5,0,20
3239,5,0,20
3240,5,0,20
3241,5,0,20
3242,5,0,20
3243,5,0,20
3244,5,0,20
3245,5,0,20
3246,5,0,20
3247,5,0,20
3248,5,0,20
3249,5,0,20
3250,5,0,20
3251,5,0,20
3252,5,0,20
3253,5,0,20
3254,5,0,20
3255,5,0,20
3256,5,0,20
3257,5,0,20
3258,5,0,20
3259,5,0,20
3260,5,0,20
3261,5,0,20
3262,5,0,20
3263,5,0,20
3264,5,0,20
3265,5,0,20
3266,5,0,20
3267,5,0,20
3268,5,0,20
3269,5,0,20
3270,5,0,20
3271,5,0,20
3272,5,0,20
3273,5,0,20
3274,5,0,20
3275,5,0,20
3276,5,0,20
3277,5,0,20
3278,5,0,20
3279,5,0,20
3280,5,0,20
3281,5,0,20
3282,5,0,20
3283,5,0,20
3284,5,0,20
3285,5,0,20
3286,5,0,20
3287,5,0,20
3288,5,0,20
3289,5,0,20
3290,5,0,20
3291,5,0,20
3292,5,0,20
3293,5,0,20
3294,5,0,20
3295,5,0,20
3296,5,0,20
3297,5,0,20
3298,5,0,20
3299,5,0,20
3300,5,0,20
3301,5,0,20
3302,5,0,20
3303,5,0,20
3304,5,0,20
3305,5,0,20
3306,5,0,20
3307,5,0,20
3308,5,0,20
3309,5,0,20
3310,5,0,20
3311,5,0,20
3312,5,0,20
3313,5,0,20
3314,5,0,20
3315,5,0,20
3316,5,0,20
3317,5,0,20
3318,5,0,20
3319,5,0,20
3320,5,0,20
3321,5,0,20
3322,5,0,20
3323,5,0,20
3324,5,0,20
3325,5,0,20
3326,5,0,20
3327,5,0,20
3328,5,0,20
3329,5,0,20
3330,5,0,20
3331,5,0,20
3332,5,0,20
3333,5,0,20
3334,5,0,20
3335,5,0,20
3336,5,0,20
3337,5,0,20
3338,5,0,20
3339,5,0,20
3340,5,0,20
3341,5,0,20
3342,5,0,20
3343,5,0,20
3344,5,0,20
3345,5,0,20
3346,5,0,20
3347,5,0,20
3348,5,0,20
3349,5,0,20
3350,5,0,20
3351,5,0,20
3352,5,0,20
3353,5,0,20
3354,5,0,20
3355,5,0,20
3356,5,0,20
3357,5,0,20
3358,5,0,20
3359,5,0,20
3360,5,0,20
3361,5,0,20
3362,5,0,20
3363,5,0,20
3364,5,0,20
3365,5,0,20
3366,5,0,20
3367,5,0,20
3368,5,0,20
3369,5,0,20
3370,5,0,20
3371,5,0,20
3372,5,0,20
3373,5,0,20
3374,5,0,20
3375,5,0,20
3376,5,0,20
3377,5,0,20
3378,5,0,20
3379,5,0,20
3380,5,0,20
3381,5,0,20
3382,5,0,20
3383,5,0,20
3384,5,0,20
3385,5,0,20
3386,5,0,20
3387,5,0,20
3388,5,0,20
3389,5,0,20
3390,5,0,20
3391,5,0,20
3392,5,0,20
3393,5,0,20
3394,5,0,20
3395,5,0,20
3396,5,0,20
3397,5,0,20
3398,5,0,20
3399,5,0,20
3400,5,0,20
3401,5,0,20
3402,5,0,20
3403,5,0,20
3404,5,0,20
3405,5,0,20
3406,5,0,20
3407,5,0,20
3408,5,0,20
3409,5,0,20
3410,5,0,20
3411,5,0,20
3412,5,0,20
3413,5,0,20
3414,5,0,20
3415,5,0,20
3416,5,0,20
3417,5,0,20
3418,5,0,20
3419,5,0,20
3420,5,0,20
3421,5,0,20
3422,5,0,20
3423,5,0,20
3424,5,0,20
3425,5,0,20
3426,5,0,20
3427,5,0,20
3428,5,0,20
3429,5,0,20
3430,5,0,20
3431,5,0,20
3432,5,0,20
3433,5,0,20
3434,5,0,20
3435,5,0,20
3436,5,0,20
3437,5,0,20
3438,5,0,20
3439,5,0,20
3440,5,0,20
3441,5,0,20
3442,5,0,20
3443,5,0,20
3444,5,0,20
3445,5,0,20
3446,5,0,20
3447,5,0,20
3448,5,0,20
3449,5,0,20
3450,5,0,20
3451,5,0,20
3452,5,0,20
3453,5,0,20
3454,5,0,20
3455,5,0,20
3456,5,0,20
3457,5,0,20
3458,5,0,20
3459,5,0,20
3460,5,0,20
3461,5,0,20
3462,5,0,20
3463,5,0,20
3464,5,0,20
3465,5,0,20
3466,5,0,20
3467,5,0,20
3468,5,0,20
3469,5,0,20
3470,5,0,20
3471,5,0,20
3472,5,0,20
3473,5,0,20
3474,5,0,20
3475,5,0,20
3476,5,0,20
3477,5,0,20
3478,5,0,20
3479,5,0,20
3480,5,0,20
3481,5,0,20
3482,5,0,20
3483,5,0,20
3484,5,0,20
3485,5,0,20
3486,5,0,20
3487,5,0,20
3488,5,0,20
3489,5,0,20
3490,5,0,20
3491,5,0,20
3492,5,0,20
3493,5,0,20
3494,5,0,20
3495,5,0,20
3496,5,0,20
3497,5,0,20
3498,5,0,20
3499,5,0,20
3500,5,0,20
3501,5,0,20
3502,5,0,20
3503,5,0,20
3504,5,0,20
3505,5,0,20
3506,5,0,20
3507,5,0,20
3508,5,0,20
3509,5,0,20
3510,5,0,20
3511,5,0,20
3512,5,0,20
3513,5,0,20
3514,5,0,20
3515,5,0,20
3516,5,0,20
3517,5,0,20
3518,5,0,20
3519,5,0,20
3520,5,0,20
3521,5,0,20
3522,5,0,20
3523,5,0,20
3524,5,0,20
3525,5,0,20
3526,5,0,20
3527,5,0,20
3528,5,0,20
3529,5,0,20
3530,5,0,20
3531,5,0,20
3532,5,0,20
3533,5,0,20
3534,5,0,20
3535,5,0,20
3536,5,0,20
3537,5,0,20
3538,5,0,20
3539,5,0,20
3540,5,0,20
3541,5,0,20
3542,5,0,20
3543,5,0,20
3544,5,0,20
3545,5,0,20
3546,5,0,20
3547,5,0,20
3548,5,0,20
3549,5,0,20
3550,5,0,20
3551,5,0,20
3552,5,0,20
3553,5,0,20
3554,5,0,20
3555,5,0,20
3556,5,0,20
3557,5,0,20
3558,5,0,20
3559,5,0,20
3560,5,0,20
3561,5,0,20
3562,5,0,20
3563,5,0,20
3564,5,0,20
3565,5,0,20
3566,5,0,20
3567,5,0,20
3568,5,0,20
3569,5,0,20
3570,5,0,20
3571,5,0,20
3572,5,0,20
3573,5,0,20
3574,5,0,20
3575,5,0,20
3576,5,0,20
3577,5,0,20
3578,5,0,20
3579,5,0,20
3580,5,0,20
3581,5,0,20
3582,5,0,20
3583,5,0,20
3584,5,0,20
3585,5,0,20
3586,5,0,20
3587,5,0,20
3588,5,0,20
3589,5,0,20
3590,5,0,20
3591,5,0,20
3592,5,0,20
3593,5,0,20
3594,5,0,20
3595,5,0,20
3596,5,0,20
3597,5,0,20
3598,5,0,20
3599,5,0,20
3600,5,0,20
3601,5,0,20
3602,5,0,20
3603,5,0,20
3604,5,0,20
3605,5,0,20
3606,5,0,20
3607,5,0,20
3608,5,0,20
3609,5,0,20
3610,5,0,20
3611,5,0,20
3612,5,0,20
3613,5,0,20
3614,5,0,20
3615,5,0,20
3616,5,0,20
3617,5,0,20
3618,5,0,20
3619,5,0,20
3620,5,0,20
3621,5,0,20
3622,5,0,20
3623,5,0,20
3624,5,0,20
3625,5,0,20
3626,5,0,20
3627,5,0,20
3628,5,0,20
3629,5,0,20
3630,5,0,20
3631,5,0,20
3632,5,0,20
3633,5,0,20
3634,5,0,20
3635,5,0,20
3636,5,0,20
3637,5,0,20
3638,5,0,20
3639,5,0,20
3640,5,0,20
3641,5,0,20
3642,5,0,20
3643,5,0,20
3644,5,0,20
3645,5,0,20
3646,5,0,20
3647,5,0,20
3648,5,0,20
3649,5,0,20
3650,5,0,20
3651,5,0,20
3652,5,0,20
3653,5,0,20
3654,5,0,20
3655,5,0,20
3656,5,0,20
3657,5,0,20
3658,5,0,20
3659,5,0,20
3660,5,0,20
3661,5,0,20
3662,5,0,20
3663,5,0,20
3664,5,0,20
3665,5,0,20
3666,5,0,20
3667,5,0,20
3668,5,0,20
3669,5,0,20
3670,5,0,20
3671,5,0,20
3672,5,0,20
3673,5,0,20
3674,5,0,20
3675,5,0,20
3676,5,0,20
3677,5,0,20
3678,5,0,20
3679,5,0,20
3680,5,0,20
3681,5,0,20
3682,5,0,20
3683,5,0,20
3684,5,0,20
3685,5,0,20
3686,5,0,20
3687,5,0,20
3688,5,0,20
3689,5,0,20
3690,5,0,20
3691,5,0,20
3692,5,0,20
3693,5,0,20
3694,5,0,20
3695,5,0,20
3696,5,0,20
3697,5,0,20
3698,5,0,20
3699,5,0,20
3700,5,0,20
3701,5,0,20
3702,5,0,20
3703,5,0,20
3704,5,0,20
3705,5,0,20
3706,5,0,20
3707,5,0,20
3708,5,0,20
3709,5,0,20
3710,5,0,20
3711,5,0,20
3712,5,0,20
3713,5,0,20
3714,5,0,20
3715,5,0,20
3716,5,0,20
3717,5,0,20
3718,5,0,20
3719,5,0,20
3720,5,0,20
3721,5,0,20
3722,5,0,20
3723,5,0,20
3724,5,0,20
3725,5,0,20
3726,5,0,20
3727,5,0,20
3728,5,0,20
3729,5,0,20
3730,5,0,20
3731,5,0,20
3732,5,0,20
3733,5,0,20
3734,5,0,20
3735,5,0,20
3736,5,0,20
3737,5,0,20
3738,5,0,20
3739,5,0,20
3740,5,0,20
3741,5,0,20
3742,5,0,20
3743,5,0,20
3744,5,0,20
3745,5,0,20
3746,5,0,20
3747,5,0,20
3748,5,0,20
3749,5,0,20
3750,5,0,20
3751,5,0,20
3752,5,0,20
3753,5,0,20
3754,5,0,20
3755,5,0,20
3756,5,0,20
3757,5,0,20
3758,5,0,20
3759,5,0,20
3760,5,0,20
3761,5,0,20
3762,5,0,20
3763,5,0,20
3764,5,0,20
3765,5,0,20
3766,5,0,20
3767,5,0,20
3768,5,0,20
3769,5,0,20
3770,5,0,20
3771,5,0,20
3772,5,0,20
3773,5,0,20
3774,5,0,20
3775,5,0,20
3776,5,0,20
3777,5,0,20
3778,5,0,20
3779,5,0,20
3780,5,0,20
3781,5,0,20
3782,5,0,20
3783,5,0,20
3784,5,0,20
3785,5,0,20
3786,5,0,20
3787,5,0,20
3788,5,0,20
3789,5,0,20
3790,5,0,20
3791,5,0,20
3792,5,0,20
3793,5,0,20
3794,5,0,20
3795,5,0,20
3796,5,0,20
3797,5,0,20
3798,5,0,20
3799,5,0,20
3800,5,0,20
3801,5,0,20
3802,5,0,20
3803,5,0,20
3804,5,0,20
3805,5,0,20
3806,5,0,20
3807,5,0,20
3808,5,0,20
3809,5,0,20
3810,5,0,20
3811,5,0,20
3812,5,0,20
3813,5,0,20
3814,5,0,20
3815,5,0,20
3816,5,0,20
3817,5,0,20
3818,5,0,20
3819,5,0,20
3820,5,0,20
3821,5,0,20
3822,5,0,20
3823,5,0,20
3824,5,0,20
3825,5,0,20
3826,5,0,20
3827,5,0,20
3828,5,0,20
3829,5,0,20
3830,5,0,20
3831,5,0,20
3832,5,0,20
3833,5,0,20
3834,5,0,20
3835,5,0,20
3836,5,0,20
3837,5,0,20
3838,5,0,20
3839,5,0,20
3840,5,0,20
3841,5,0,20
3842,5,0,20
3843,5,0,20
3844,5,0,20
3845,5,0,20
3846,5,0,20
3847,5,0,20
3848,5,0,20
3849,5,0,20
3850,5,0,20
3851,5,0,20
3852,5,0,20
3853,5,0,20
3854,5,0,20
3855,5,0,20
3856,5,0,20
3857,5,0,20
3858,5,0,20
3859,5,0,20
3860,5,0,20
3861,5,0,20
3862,5,0,20
3863,5,0,20
3864,5,0,20
3865,5,0,20
3866,5,0,20
3867,5,0,20
3868,5,0,20
3869,5,0,20
3870,5,0,20
3871,5,0,20
3872,5,0,20
3873,5,0,20
3874,5,0,20
3875,5,0,20
3876,5,0,20
3877,5,0,20
3878,5,0,20
3879,5,0,20
3880,5,0,20
3881,5,0,20
3882,5,0,20
3883,5,0,20
3884,5,0,20
3885,5,0,20
3886,5,0,20
3887,5,0,20
3888,5,0,20
3889,5,0,20
3890,5,0,20
3891,5,0,20
3892,5,0,20
3893,5,0,20
3894,5,0,20
3895,5,0,20
3896,5,0,20
3897,5,0,20
3898,5,0,20
3899,5,0,20
3900,5,0,20
3901,5,0,20
3902,5,0,20
3903,5,0,20
3904,5,0,20
3905,5,0,20
3906,5,0,20
3907,5,0,20
3908,5,0,20
3909,5,0,20
3910,5,0,20
3911,5,0,20
3912,5,0,20
3913,5,0,20
3914,5,0,20
3915,5,0,20
3916,5,0,20
3917,5,0,20
3918,5,0,20
3919,5,0,20
3920,5,0,20
3921,5,0,20
3922,5,0,20
3923,5,0,20
3924,5,0,20
3925,5,0,20
3926,5,0,20
3927,5,0,20
3928,5,0,20
3929,5,0,20
3930,5,0,20
3931,5,0,20
3932,5,0,20
3933,5,0,20
3934,5,0,20
3935,5,0,20
3936,5,0,20
3937,5,0,20
3938,5,0,20
3939,5,0,20
3940,5,0,20
3941,5,0,20
3942,5,0,20
3943,5,0,20
3944,5,0,20
3945,5,0,20
3946,5,0,20
3947,5,0,20
3948,5,0,20
3949,5,0,20
3950,5,0,20
3951,5,0,20
3952,5,0,20
3953,5,0,20
3954,5,0,20
3955,5,0,20
3956,5,0,20
3957,5,0,20
3958,5,0,20
3959,5,0,20
3960,5,0,20
3961,5,0,20
3962,5,0,20
3963,5,0,20
3964,5,0,20
3965,5,0,20
3966,5,0,20
3967,5,0,20
3968,5,0,20
3969,5,0,20
3970,5,0,20
3971,5,0,20
3972,5,0,20
3973,5,0,20
3974,5,0,20
3975,5,0,20
3976,5,0,20
3977,5,0,20
3978,5,0,20
3979,5,0,20
3980,5,0,20
3981,5,0,20
3982,5,0,20
3983,5,0,20
3984,5,0,20
3985,5,0,20
3986,5,0,20
3987,5,0,20
3988,5,0,20
3989,5,0,20
3990,5,0,20
3991,5,0,20
3992,5,0,20
3993,5,0,20
3994,5,0,20
3995,5,0,20
3996,5,0,20
3997,5,0,20
3998,5,0,20
3999,5,0,20
4000,5,0,20
4001,5,0,20
4002,5,0,20
4003,5,0,20
4004,5,0,20
4005,5,0,20
4006,5,0,20
4007,5,0,20
4008,5,0,20
4009,5,0,20
4010,5,0,20
4011,5,0,20
4012,5,0,20
4013,5,0,20
4014,5,0,20
4015,5,0,20
4016,5,0,20
4017,5,0,20
4018,5,0,20
4019,5,0,20
4020,5,0,20
4021,5,0,20
4022,5,0,20
4023,5,0,20
4024,5,0,20
4025,5,0,20
4026,5,0,20
4027,5,0,20
4028,5,0,20
4029,5,0,20
4030,5,0,20
4031,5,0,20
4032,5,0,20
4033,5,0,20
4034,5,0,20
4035,5,0,20
4036,5,0,20
4037,5,0,20
4038,5,0,20
4039,5,0,20
4040,5,0,20
4041,5,0,20
4042,5,0,20
4043,5,0,20
4044,5,0,20
4045,5,0,20
4046,5,0,20
4047,5,0,20
4048,5,0,20
4049,5,0,20
4050,5,0,20
4051,5,0,20
4052,5,0,20
4053,5,0,20
4054,5,0,20
4055,5,0,20
4056,5,0,20
4057,5,0,20
4058,5,0,20
4059,5,0,20
4060,5,0,20
4061,5,0,20
4062,5,0,20
4063,5,0,20
4064,5,0,20
4065,5,0,20
4066,5,0,20
4067,5,0,20
4068,5,0,20
4069,5,0,20
4070,5,0,20
4071,5,0,20
4072,5,0,20
4073,5,0,20
4074,5,0,20
4075,5,0,20
4076,5,0,20
4077,5,0,20
4078,5,0,20
4079,5,0,20
4080,5,0,20
4081,5,0,20
4082,5,0,20
4083,5,0,20
4084,5,0,20
4085,5,0,20
4086,5,0,20
4087,5,0,20
4088,5,0,20
4089,5,0,20
4090,5,0,20
4091,5,0,20
4092,5,0,20
4093,5,0,20
4094,5,0,20
4095,5,0,20
4096,5,0,20
4097,5,0,20
4098,5,0,20
4099,5,0,20
4100,5,0,20
4101,5,0,20
4102,5,0,20
4103,5,0,20
4104,5,0,20
4105,5,0,20
4106,5,0,20
4107,5,0,20
4108,5,0,20
4109,5,0,20
4110,5,0,20
4111,5,0,20
4112,5,0,20
4113,5,0,20
4114,5,0,20
4115,5,0,20
4116,5,0,20
4117,5,0,20
4118,5,0,20
4119,5,0,20
4120,5,0,20
4121,5,0,20
4122,5,0,20
4123,5,0,20
4124,5,0,20
4125,5,0,20
4126,5,0,20
4127,5,0,20
4128,5,0,20
4129,5,0,20
4130,5,0,20
4131,5,0,20
4132,5,0,20
4133,5,0,20
4134,5,0,20
4135,5,0,20
4136,5,0,20
4137,5,0,20
4138,5,0,20
4139,5,0,20
4140,5,0,20
4141,5,0,20
4142,5,0,20
4143,5,0,20
4144,5,0,20
4145,5,0,20
4146,5,0,20
4147,5,0,20
4148,5,0,20
4149,5,0,20
4150,5,0,20
4151,5,0,20
4152,5,0,20
4153,5,0,20
4154,5,0,20
4155,5,0,20
4156,5,0,20
4157,5,0,20
4158,5,0,20
4159,5,0,20
4160,5,0,20
4161,5,0,20
4162,5,0,20
4163,5,0,20
4164,5,0,20
4165,5,0,20
4166,5,0,20
4167,5,0,20
4168,5,0,20
4169,5,0,20
4170,5,0,20
4171,5,0,20
4172,5,0,20
4173,5,0,20
4174,5,0,20
4175,5,0,20
4176,5,0,20
4177,5,0,20
4178,5,0,20
4179,5,0,20
4180,5,0,20
4181,5,0,20
4182,5,0,20
4183,5,0,20
4184,5,0,20
4185,5,0,20
4186,5,0,20
4187,5,0,20
4188,5,0,20
4189,5,0,20
4190,5,0,20
4191,5,0,20
4192,5,0,20
4193,5,0,20
4194,5,0,20
4195,5,0,20
4196,5,0,20
4197,5,0,20
4198,5,0,20
4199,5,0,20
4200,5,0,20
4201,5,0,20
4202,5,0,20
4203,5,0,20
4204,5,0,20
4205,5,0,20
4206,5,0,20
4207,5,0,20
4208,5,0,20
4209,5,0,20
4210,5,0,20
4211,5,0,20
4212,5,0,20
4213,5,0,20
4214,5,0,20
4215,5,0,20
4216,5,0,20
4217,5,0,20
4218,5,0,20
4219,5,0,20
4220,5,0,20
4221,5,0,20
4222,5,0,20
4223,5,0,20
4224,5,0,20
4225,5,0,20
4226,5,0,20
4227,5,0,20
4228,5,0,20
4229,5,0,20
4230,5,0,20
4231,5,0,20
4232,5,0,20
4233,5,0,20
4234,5,0,20
4235,5,0,20
4236,5,0,20
4237,5,0,20
4238,5,0,20
4239,5,0,20
4240,5,0,20
4241,5,0,20
4242,5,0,20
4243,5,0,20
4244,5,0,20
4245,5,0,20
4246,5,0,20
4247,5,0,20
4248,5,0,20
4249,5,0,20
4250,5,0,20
4251,5,0,20
4252,5,0,20
4253,5,0,20
4254,5,0,20
4255,5,0,20
4256,5,0,20
4257,5,0,20
4258,5,0,20
4259,5,0,20
4260,5,0,20
4261,5,0,20
4262,5,0,20
4263,5,0,20
4264,5,0,20
4265,5,0,20
4266,5,0,20
4267,5,0,20
4268,5,0,20
4269,5,0,20
4270,5,0,20
4271,5,0,20
4272,5,0,20
4273,5,0,20
4274,5,0,20
4275,5,0,20
4276,5,0,20
4277,5,0,20
4278,5,0,20
4279,5,0,20
4280,5,0,20
4281,5,0,20
4282,5,0,20
4283,5,0,20
4284,5,0,20
4285,5,0,20
4286,5,0,20
4287,5,0,20
4288,5,0,20
4289,5,0,20
4290,5,0,20
4291,5,0,20
4292,5,0,20
4293,5,0,20
4294,5,0,20
4295,5,0,20
4296,5,0,20
4297,5,0,20
4298,5,0,20
4299,5,0,20
4300,5,0,20
4301,5,0,20
4302,5,0,20
4303,5,0,20
4304,5,0,20
4305,5,0,20
4306,5,0,20
4307,5,0,20
4308,5,0,20
4309,5,0,20
4310,5,0,20
4311,5,0,20
4312,5,0,20
4313,5,0,20
4314,5,0,20
4315,5,0,20
4316,5,0,20
4317,5,0,20
4318,5,0,20
4319,5,0,20
4320,5,0,20
4321,5,0,20
4322,5,0,20
4323,5,0,20
4324,5,0,20
4325,5,0,20
4326,5,0,20
4327,5,0,20
4328,5,0,20
4329,5,0,20
4330,5,0,20
4331,5,0,20
4332,5,0,20
4333,5,0,20
4334,5,0,20
4335,5,0,20
4336,5,0,20
4337,5,0,20
4338,5,0,20
4339,5,0,20
4340,5,0,20
4341,5,0,20
4342,5,0,20
4343,5,0,20
4344,5,0,20
4345,5,0,20
4346,5,0,20
4347,5,0,20
4348,5,0,20
4349,5,0,20
4350,5,0,20
4351,5,0,20
4352,5,0,20
4353,5,0,20
4354,5,0,20
4355,5,0,20
4356,5,0,20
4357,5,0,20
4358,5,0,20
4359,5,0,20
4360,5,0,20
4361,5,0,20
4362,5,0,20
4363,5,0,20
4364,5,0,20
4365,5,0,20
4366,5,0,20
4367,5,0,20
4368,5,0,20
4369,5,0,20
4370,5,0,20
4371,5,0,20
4372,5,0,20
4373,5,0,20
4374,5,0,20
4375,5,0,20
4376,5,0,20
4377,5,0,20
4378,5,0,20
4379,5,0,20
4380,5,0,20
4381,5,0,20
4382,5,0,20
4383,5,0,20
4384,5,0,20
4385,5,0,20
4386,5,0,20
4387,5,0,20
4388,5,0,20
4389,5,0,20
4390,5,0,20
4391,5,0,20
4392,5,0,20
4393,5,0,20
4394,5,0,20
4395,5,0,20
4396,5,0,20
4397,5,0,20
4398,5,0,20
4399,5,0,20
4400,5,0,20
4401,5,0,20
4402,5,0,20
4403,5,0,20
4404,5,0,20
4405,5,0,20
4406,5,0,20
4407,5,0,20
4408,5,0,20
4409,5,0,20
4410,5,0,20
4411,5,0,20
4412,5,0,20
4413,5,0,20
4414,5,0,20
4415,5,0,20
4416,5,0,20
4417,5,0,20
4418,5,0,20
4419,5,0,20
4420,5,0,20
4421,5,0,20
4422,5,0,20
4423,5,0,20
4424,5,0,20
4425,5,0,20
4426,5,0,20
4427,5,0,20
4428,5,0,20
4429,5,0,20
4430,5,0,20
4431,5,0,20
4432,5,0,20
4433,5,0,20
4434,5,0,20
4435,5,0,20
4436,5,0,20
4437,5,0,20
4438,5,0,20
4439,5,0,20
4440,5,0,20
4441,5,0,20
4442,5,0,20
4443,5,0,20
4444,5,0,20
4445,5,0,20
4446,5,0,20
4447,5,0,20
4448,5,0,20
4449,5,0,20
4450,5,0,20
4451,5,0,20
4452,5,0,20
4453,5,0,20
4454,5,0,20
4455,5,0,20
4456,5,0,20
4457,5,0,20
4458,5,0,20
4459,5,0,20
4460,5,0,20
4461,5,0,20
4462,5,0,20
4463,5,0,20
4464,5,0,20
4465,5,0,20
4466,5,0,20
4467,5,0,20
4468,5,0,20
4469,5,0,20
4470,5,0,20
4471,5,0,20
4472,5,0,20
4473,5,0,20
4474,5,0,20
4475,5,0,20
4476,5,0,20
4477,5,0,20
4478,5,0,20
4479,5,0,20
4480,5,0,20
4481,5,0,20
4482,5,0,20
4483,5,0,20
4484,5,0,20
4485,5,0,20
4486,5,0,20
4487,5,0,20
4488,5,0,20
4489,5,0,20
4490,5,0,20
4491,5,0,20
4492,5,0,20
4493,5,0,20
4494,5,0,20
4495,5,0,20
4496,5,0,20
4497,5,0,20
4498,5,0,20
4499,5,0,20
4500,5,0,20
4501,5,0,20
4502,5,0,20
4503,5,0,20
4504,5,0,20
4505,5,0,20
4506,5,0,20
4507,5,0,20
4508,5,0,20
4509,5,0,20
4510,5,0,20
4511,5,0,20
4512,5,0,20
4513,5,0,20
4514,5,0,20
4515,5,0,20
4516,5,0,20
4517,5,0,20
4518,5,0,20
4519,5,0,20
4520,5,0,20
4521,5,0,20
4522,5,0,20
4523,5,0,20
4524,5,0,20
4525,5,0,20
4526,5,0,20
4527,5,0,20
4528,5,0,20
4529,5,0,20
4530,5,0,20
4531,5,0,20
4532,5,0,20
4533,5,0,20
4534,5,0,20
4535,5,0,20
4536,5,0,20
4537,5,0,20
4538,5,0,20
4539,5,0,20
4540,5,0,20
4541,5,0,20
4542,5,0,20
4543,5,0,20
4544,5,0,20
4545,5,0,20
4546,5,0,20
4547,5,0,20
4548,5,0,20
4549,5,0,20
4550,5,0,20
4551,5,0,20
4552,5,0,20
4553,5,0,20
4554,5,0,20
4555,5,0,20
4556,5,0,20
4557,5,0,20
4558,5,0,20
4559,5,0,20
4560,5,0,20
4561,5,0,20
4562,5,0,20
4563,5,0,20
4564,5,0,20
4565,5,0,20
4566,5,0,20
4567,5,0,20
4568,5,0,20
4569,5,0,20
4570,5,0,20
4571,5,0,20
4572,5,0,20
4573,5,0,20
4574,5,0,20
4575,5,0,20
4576,5,0,20
4577,5,0,20
4578,5,0,20
4579,5,0,20
4580,5,0,20
4581,5,0,20
4582,5,0,20
4583,5,0,20
4584,5,0,20
4585,5,0,20
4586,5,0,20
4587,5,0,20
4588,5,0,20
4589,5,0,20
4590,5,0,20
4591,5,0,20
4592,5,0,20
4593,5,0,20
4594,5,0,20
4595,5,0,20
4596,5,0,20
4597,5,0,20
4598,5,0,20
4599,5,0,20
4600,5,0,20
4601,5,0,20
4602,5,0,20
4603,5,0,20
4604,5,0,20
4605,5,0,20
4606,5,0,20
4607,5,0,20
4608,5,0,20
4609,5,0,20
4610,5,0,20
4611,5,0,20
4612,5,0,20
4613,5,0,20
4614,5,0,20
4615,5,0,20
4616,5,0,20
4617,5,0,20
4618,5,0,20
4619,5,0,20
4620,5,0,20
4621,5,0,20
4622,5,0,20
4623,5,0,20
4624,5,0,20
4625,5,0,20
4626,5,0,20
4627,5,0,20
4628,5,0,20
4629,5,0,20
4630,5,0,20
4631,5,0,20
4632,5,0,20
4633,5,0,20
4634,5,0,20
4635,5,0,20
4636,5,0,20
4637,5,0,20
4638,5,0,20
4639,5,0,20
4640,5,0,20
4641,5,0,20
4642,5,0,20
4643,5,0,20
4644,5,0,20
4645,5,0,20
4646,5,0,20
4647,5,0,20
4648,5,0,20
4649,5,0,20
4650,5,0,20
4651,5,0,20
4652,5,0,20
4653,5,0,20
4654,5,0,20
4655,5,0,20
4656,5,0,20
4657,5,0,20
4658,5,0,20
4659,5,0,20
4660,5,0,20
4661,5,0,20
4662,5,0,20
4663,5,0,20
4664,5,0,20
4665,5,0,20
4666,5,0,20
4667,5,0,20
4668,5,0,20
4669,5,0,20
4670,5,0,20
4671,5,0,20
4672,5,0,20
4673,5,0,20
4674,5,0,20
4675,5,0,20
4676,5,0,20
4677,5,0,20
4678,5,0,20
4679,5,0,20
4680,5,0,20
4681,5,0,20
4682,5,0,20
4683,5,0,20
4684,5,0,20
4685,5,0,20
4686,5,0,20
4687,5,0,20
4688,5,0,20
4689,5,0,20
4690,5,0,20
4691,5,0,20
4692,5,0,20
4693,5,0,20
4694,5,0,20
4695,5,0,20
4696,5,0,20
4697,5,0,20
4698,5,0,20
4699,5,0,20
4700,5,0,20
4701,5,0,20
4702,5,0,20
4703,5,0,20
4704,5,0,20
4705,5,0,20
4706,5,0,20
4707,5,0,20
4708,5,0,20
4709,5,0,20
4710,5,0,20
4711,5,0,20
4712,5,0,20
4713,5,0,20
4714,5,0,20
4715,5,0,20
4716,5,0,20
4717,5,0,20
4718,5,0,20
4719,5,0,20
4720,5,0,20
4721,5,0,20
4722,5,0,20
4723,5,0,20
4724,5,0,20
4725,5,0,20
4726,5,0,20
4727,5,0,20
4728,5,0,20
4729,5,0,20
4730,5,0,20
4731,5,0,20
4732,5,0,20
4733,5,0,20
4734,5,0,20
4735,5,0,20
4736,5,0,20
4737,5,0,20
4738,5,0,20
4739,5,0,20
4740,5,0,20
4741,5,0,20
4742,5,0,20
4743,5,0,20
4744,5,0,20
4745,5,0,20
4746,5,0,20
4747,5,0,20
4748,5,0,20
4749,5,0,20
4750,5,0,20
4751,5,0,20
4752,5,0,20
4753,5,0,20
4754,5,0,20
4755,5,0,20
4756,5,0,20
4757,5,0,20
4758,5,0,20
4759,5,0,20
4760,5,0,20
4761,5,0,20
4762,5,0,20
4763,5,0,20
4764,5,0,20
4765,5,0,20
4766,5,0,20
4767,5,0,20
4768,5,0,20
4769,5,0,20
4770,5,0,20
4771,5,0,20
4772,5,0,20
4773,5,0,20
4774,5,0,20
4775,5,0,20
4776,5,0,20
4777,5,0,20
4778,5,0,20
4779,5,0,20
4780,5,0,20
4781,5,0,20
4782,5,0,20
4783,5,0,20
4784,5,0,20
4785,5,0,20
4786,5,0,20
4787,5,0,20
4788,5,0,20
4789,5,0,20
4790,5,0,20
4791,5,0,20
4792,5,0,20
4793,5,0,20
4794,5,0,20
4795,5,0,20
4796,5,0,20
4797,5,0,20
4798,5,0,20
4799,5,0,20
4800,5,0,20
4801,5,0,20
4802,5,0,20
4803,5,0,20
4804,5,0,20
4805,5,0,20
4806,5,0,20
4807,5,0,20
4808,5,0,20
4809,5,0,20
4810,5,0,20
4811,5,0,20
4812,5,0,20
4813,5,0,20
4814,5,0,20
4815,5,0,20
4816,5,0,20
4817,5,0,20
4818,5,0,20
4819,5,0,20
4820,5,0,20
4821,5,0,20
4822,5,0,20
4823,5,0,20
4824,5,0,20
4825,5,0,20
4826,5,0,20
4827,5,0,20
4828,5,0,20
4829,5,0,20
4830,5,0,20
4831,5,0,20
4832,5,0,20
4833,5,0,20
4834,5,0,20
4835,5,0,20
4836,5,0,20
4837,5,0,20
4838,5,0,20
4839,5,0,20
4840,5,0,20
4841,5,0,20
4842,5,0,20
4843,5,0,20
4844,5,0,20
4845,5,0,20
4846,5,0,20
4847,5,0,20
4848,5,0,20
4849,5,0,20
4850,5,0,20
4851,5,0,20
4852,5,0,20
4853,5,0,20
4854,5,0,20
4855,5,0,20
4856,5,0,20
4857,5,0,20
4858,5,0,20
4859,5,0,20
4860,5,0,20
4861,5,0,20
4862,5,0,20
4863,5,0,20
4864,5,0,20
4865,5,0,20
4866,5,0,20
4867,5,0,20
4868,5,0,20
4869,5,0,20
4870,5,0,20
4871,5,0,20
4872,5,0,20
4873,5,0,20
4874,5,0,20
4875,5,0,20
4876,5,0,20
4877,5,0,20
4878,5,0,20
4879,5,0,20
4880,5,0,20
4881,5,0,20
4882,5,0,20
4883,5,0,20
4884,5,0,20
4885,5,0,20
4886,5,0,20
4887,5,0,20
4888,5,0,20
4889,5,0,20
4890,5,0,20
4891,5,0,20
4892,5,0,20
4893,5,0,20
4894,5,0,20
4895,5,0,20
4896,5,0,20
4897,5,0,20
4898,5,0,20
4899,5,0,20
4900,5,0,20
4901,5,0,20
4902,5,0,20
4903,5,0,20
4904,5,0,20
4905,5,0,20
4906,5,0,20
4907,5,0,20
4908,5,0,20
4909,5,0,20
4910,5,0,20
4911,5,0,20
4912,5,0,20
4913,5,0,20
4914,5,0,20
4915,5,0,20
4916,5,0,20
4917,5,0,20
4918,5,0,20
4919,5,0,20
4920,5,0,20
4921,5,0,20
4922,5,0,20
4923,5,0,20
4924,5,0,20
4925,5,0,20
4926,5,0,20
4927,5,0,20
4928,5,0,20
4929,5,0,20
4930,5,0,20
4931,5,0,20
4932,5,0,20
4933,5,0,20
4934,5,0,20
4935,5,0,20
4936,5,0,20
4937,5,0,20
4938,5,0,20
4939,5,0,20
4940,5,0,20
4941,5,0,20
4942,5,0,20
4943,5,0,20
4944,5,0,20
4945,5,0,20
4946,5,0,20
4947,5,0,20
4948,5,0,20
4949,5,0,20
4950,5,0,20
4951,5,0,20
4952,5,0,20
4953,5,0,20
4954,5,0,20
4955,5,0,20
4956,5,0,20
4957,5,0,20
4958,5,0,20
4959,5,0,20
4960,5,0,20
4961,5,0,20
4962,5,0,20
4963,5,0,20
4964,5,0,20
4965,5,0,20
4966,5,0,20
4967,5,0,20
4968,5,0,20
4969,5,0,20
4970,5,0,20
4971,5,0,20
4972,5,0,20
4973,5,0,20
4974,5,0,20
4975,5,0,20
4976,5,0,20
4977,5,0,20
4978,5,0,20
4979,5,0,20
4980,5,0,20
4981,5,0,20
4982,5,0,20
4983,5,0,20
4984,5,0,20
4985,5,0,20
4986,5,0,20
4987,5,0,20
4988,5,0,20
4989,5,0,20
4990,5,0,20
4991,5,0,20
4992,5,0,20
4993,5,0,20
4994,5,0,20
4995,5,0,20
4996,5,0,20
4997,5,0,20
4998,5,0,20
4999,5,0,20
5000,5,0,20
5001,5,0,20
5002,5,0,20
5003,5,0,20
5004,5,0,20
5005,5,0,20
5006,5,0,20
5007,5,0,20
5008,5,0,20
5009,5,0,20
5010,5,0,20
5011,5,0,20
5012,5,0,20
5013,5,0,20
5014,5,0,20
5015,5,0,20
5016,5,0,20
5017,5,0,20
5018,5,0,20
5019,5,0,20
5020,5,0,20
5021,5,0,20
5022,5,0,20
5023,5,0,20
5024,5,0,20
5025,5,0,20
5026,5,0,20
5027,5,0,20
5028,5,0,20
5029,5,0,20
5030,5,0,20
5031,5,0,20
5032,5,0,20
5033,5,0,20
5034,5,0,20
5035,5,0,20
5036,5,0,20
5037,5,0,20
5038,5,0,20
5039,5,0,20
5040,5,0,20
5041,5,0,20
5042,5,0,20
5043,5,0,20
5044,5,0,20
5045,5,0,20
5046,5,0,20
5047,5,0,20
5048,5,0,20
5049,5,0,20
5050,5,0,20
5051,5,0,20
5052,5,0,20
5053,5,0,20
5054,5,0,20
5055,5,0,20
5056,5,0,20
5057,5,0,20
5058,5,0,20
5059,5,0,20
5060,5,0,20
5061,5,0,20
5062,5,0,20
5063,5,0,20
5064,5,0,20
5065,5,0,20
5066,5,0,20
5067,5,0,20
5068,5,0,20
5069,5,0,20
5070,5,0,20
5071,5,0,20
5072,5,0,20
5073,5,0,20
5074,5,0,20
5075,5,0,20
5076,5,0,20
5077,5,0,20
5078,5,0,20
5079,5,0,20
5080,5,0,20
5081,5,0,20
5082,5,0,20
5083,5,0,20
5084,5,0,20
5085,5,0,20
5086,5,0,20
5087,5,0,20
5088,5,0,20
5089,5,0,20
5090,5,0,20
5091,5,0,20
5092,5,0,20
5093,5,0,20
5094,5,0,20
5095,5,0,20
5096,5,0,20
5097,5,0,20
5098,5,0,20
5099,5,0,20
5100,5,0,20
5101,5,0,20
5102,5,0,20
5103,5,0,20
5104,5,0,20
5105,5,0,20
5106,5,0,20
5107,5,0,20
5108,5,0,20
5109,5,0,20
5110,5,0,20
5111,5,0,20
5112,5,0,20
5113,5,0,20
5114,5,0,20
5115,5,0,20
5116,5,0,20
5117,5,0,20
5118,5,0,20
5119,5,0,20
5120,5,0,20
5121,5,0,20
5122,5,0,20
5123,5,0,20
5124,5,0,20
5125,5,0,20
5126,5,0,20
5127,5,0,20
5128,5,0,20
5129,5,0,20
5130,5,0,20
5131,5,0,20
5132,5,0,20
5133,5,0,20
5134,5,0,20
5135,5,0,20
5136,5,0,20
5137,5,0,20
5138,5,0,20
5139,5,0,20
5140,5,0,20
5141,5,0,20
5142,5,0,20
5143,5,0,20
5144,5,0,20
5145,5,0,20
5146,5,0,20
5147,5,0,20
5148,5,0,20
5149,5,0,20
5150,5,0,20
5151,5,0,20
5152,5,0,20
5153,5,0,20
5154,5,0,20
5155,5,0,20
5156,5,0,20
5157,5,0,20
5158,5,0,20
5159,5,0,20
5160,5,0,20
5161,5,0,20
5162,5,0,20
5163,5,0,20
5164,5,0,20
5165,5,0,20
5166,5,0,20
5167,5,0,20
5168,5,0,20
5169,5,0,20
5170,5,0,20
5171,5,0,20
5172,5,0,20
5173,5,0,20
5174,5,0,20
5175,5,0,20
5176,5,0,20
5177,5,0,20
5178,5,0,20
5179,5,0,20
5180,5,0,20
5181,5,0,20
5182,5,0,20
5183,5,0,20
5184,5,0,20
5185,5,0,20
5186,5,0,20
5187,5,0,20
5188,5,0,20
5189,5,0,20
5190,5,0,20
5191,5,0,20
5192,5,0,20
5193,5,0,20
5194,5,0,20
5195,5,0,20
5196,5,0,20
5197,5,0,20
5198,5,0,20
5199,5,0,20
5200,5,0,20
5201,5,0,20
5202,5,0,20
5203,5,0,20
5204,5,0,20
5205,5,0,20
5206,5,0,20
5207,5,0,20
5208,5,0,20
5209,5,0,20
5210,5,0,20
5211,5,0,20
5212,5,0,20
5213,5,0,20
5214,5,0,20
5215,5,0,20
5216,5,0,20
5217,5,0,20
5218,5,0,20
5219,5,0,20
5220,5,0,20
5221,5,0,20
5222,5,0,20
5223,5,0,20
5224,5,0,20
5225,5,0,20
5226,5,0,20
5227,5,0,20
5228,5,0,20
5229,5,0,20
5230,5,0,20
5231,5,0,20
5232,5,0,20
5233,5,0,20
5234,5,0,20
5235,5,0,20
5236,5,0,20
5237,5,0,20
5238,5,0,20
5239,5,0,20
5240,5,0,20
5241,5,0,20
5242,5,0,20
5243,5,0,20
5244,5,0,20
5245,5,0,20
5246,5,0,20
5247,5,0,20
5248,5,0,20
5249,5,0,20
5250,5,0,20
5251,5,0,20
5252,5,0,20
5253,5,0,20
5254,5,0,20
5255,5,0,20
5256,5,0,20
5257,5,0,20
5258,5,0,20
5259,5,0,20
5260,5,0,20
5261,5,0,20
5262,5,0,20
5263,5,0,20
5264,5,0,20
5265,5,0,20
5266,5,0,20
5267,5,0,20
5268,5,0,20
5269,5,0,20
5270,5,0,20
5271,5,0,20
5272,5,0,20
5273,5,0,20
5274,5,0,20
5275,5,0,20
5276,5,0,20
5277,5,0,20
5278,5,0,20
5279,5,0,20
5280,5,0,20
5281,5,0,20
5282,5,0,20
5283,5,0,20
5284,5,0,20
5285,5,0,20
5286,5,0,20
5287,5,0,20
5288,5,0,20
5289,5,0,20
5290,5,0,20
5291,5,0,20
5292,5,0,20
5293,5,0,20
5294,5,0,20
5295,5,0,20
5296,5,0,20
5297,5,0,20
5298,5,0,20
5299,5,0,20
5300,5,0,20
5301,5,0,20
5302,5,0,20
5303,5,0,20
5304,5,0,20
5305,5,0,20
5306,5,0,20
5307,5,0,20
5308,5,0,20
5309,5,0,20
5310,5,0,20
5311,5,0,20
5312,5,0,20
5313,5,0,20
5314,5,0,20
5315,5,0,20
5316,5,0,20
5317,5,0,20
5318,5,0,20
5319,5,0,20
5320,5,0,20
5321,5,0,20
5322,5,0,20
5323,5,0,20
5324,5,0,20
5325,5,0,20
5326,5,0,20
5327,5,0,20
5328,5,0,20
5329,5,0,20
5330,5,0,20
5331,5,0,20
5332,5,0,20
5333,5,0,20
5334,5,0,20
5335,5,0,20
5336,5,0,20
5337,5,0,20
5338,5,0,20
5339,5,0,20
5340,5,0,20
5341,5,0,20
5342,5,0,20
5343,5,0,20
5344,5,0,20
5345,5,0,20
5346,5,0,20
5347,5,0,20
5348,5,0,20
5349,5,0,20
5350,5,0,20
5351,5,0,20
5352,5,0,20
5353,5,0,20
5354,5,0,20
5355,5,0,20
5356,5,0,20
5357,5,0,20
5358,5,0,20
5359,5,0,20
5360,5,0,20
5361,5,0,20
5362,5,0,20
5363,5,0,20
5364,5,0,20
5365,5,0,20
5366,5,0,20
5367,5,0,20
5368,5,0,20
5369,5,0,20
5370,5,0,20
5371,5,0,20
5372,5,0,20
5373,5,0,20
5374,5,0,20
5375,5,0,20
5376,5,0,20
5377,5,0,20
5378,5,0,20
5379,5,0,20
5380,5,0,20
5381,5,0,20
5382,5,0,20
5383,5,0,20
5384,5,0,20
5385,5,0,20
5386,5,0,20
5387,5,0,20
5388,5,0,20
5389,5,0,20
5390,5,0,20
5391,5,0,20
5392,5,0,20
5393,5,0,20
5394,5,0,20
5395,5,0,20
5396,5,0,20
5397,5,0,20
5398,5,0,20
5399,5,0,20
5400,5,0,20
5401,5,0,20
5402,5,0,20
5403,5,0,20
5404,5,0,20
5405,5,0,20
5406,5,0,20
5407,5,0,20
5408,5,0,20
5409,5,0,20
5410,5,0,20
5411,5,0,20
5412,5,0,20
5413,5,0,20
5414,5,0,20
5415,5,0,20
5416,5,0,20
5417,5,0,20
5418,5,0,20
5419,5,0,20
5420,5,0,20
5421,5,0,20
5422,5,0,20
5423,5,0,20
5424,5,0,20
5425,5,0,20
5426,5,0,20
5427,5,0,20
5428,5,0,20
5429,5,0,20
5430,5,0,20
5431,5,0,20
5432,5,0,20
5433,5,0,20
5434,5,0,20
5435,5,0,20
5436,5,0,20
5437,5,0,20
5438,5,0,20
5439,5,0,20
5440,5,0,20
5441,5,0,20
5442,5,0,20
5443,5,0,20
5444,5,0,20
5445,5,0,20
5446,5,0,20
5447,5,0,20
5448,5,0,20
5449,5,0,20
5450,5,0,20
5451,5,0,20
5452,5,0,20
5453,5,0,20
5454,5,0,20
5455,5,0,20
5456,5,0,20
5457,5,0,20
5458,5,0,20
5459,5,0,20
5460,5,0,20
5461,5,0,20
5462,5,0,20
5463,5,0,20
5464,5,0,20
5465,5,0,20
5466,5,0,20
5467,5,0,20
5468,5,0,20
5469,5,0,20
5470,5,0,20
5471,5,0,20
5472,5,0,20
5473,5,0,20
5474,5,0,20
5475,5,0,20
5476,5,0,20
5477,5,0,20
5478,5,0,20
5479,5,0,20
5480,5,0,20
5481,5,0,20
5482,5,0,20
5483,5,0,20
5484,5,0,20
5485,5,0,20
5486,5,0,20
5487,5,0,20
5488,5,0,20
5489,5,0,20
5490,5,0,20
5491,5,0,20
5492,5,0,20
5493,5,0,20
5494,5,0,20
5495,5,0,20
5496,5,0,20
5497,5,0,20
5498,5,0,20
5499,5,0,20
5500,5,0,20
5501,5,0,20
5502,5,0,20
5503,5,0,20
5504,5,0,20
5505,5,0,20
5506,5,0,20
5507,5,0,20
5508,5,0,20
5509,5,0,20
5510,5,0,20
5511,5,0,20
5512,5,0,20
5513,5,0,20
5514,5,0,20
5515,5,0,20
5516,5,0,20
5517,5,0,20
5518,5,0,20
5519,5,0,20
5520,5,0,20
5521,5,0,20
5522,5,0,20
5523,5,0,20
5524,5,0,20
5525,5,0,20
5526,5,0,20
5527,5,0,20
5528,5,0,20
5529,5,0,20
5530,5,0,20
5531,5,0,20
5532,5,0,20
5533,5,0,20
5534,5,0,20
5535,5,0,20
5536,5,0,20
5537,5,0,20
5538,5,0,20
5539,5,0,20
5540,5,0,20
5541,5,0,20
5542,5,0,20
5543,5,0,20
5544,5,0,20
5545,5,0,20
5546,5,0,20
5547,5,0,20
5548,5,0,20
5549,5,0,20
5550,5,0,20
5551,5,0,20
5552,5,0,20
5553,5,0,20
5554,5,0,20
5555,5,0,20
5556,5,0,20
5557,5,0,20
5558,5,0,20
5559,5,0,20
5560,5,0,20
5561,5,0,20
5562,5,0,20
5563,5,0,20
5564,5,0,20
5565,5,0,20
5566,5,0,20
5567,5,0,20
5568,5,0,20
5569,5,0,20
5570,5,0,20
5571,5,0,20
5572,5,0,20
5573,5,0,20
5574,5,0,20
5575,5,0,20
5576,5,0,20
5577,5,0,20
5578,5,0,20
5579,5,0,20
5580,5,0,20
5581,5,0,20
5582,5,0,20
5583,5,0,20
5584,5,0,20
5585,5,0,20
5586,5,0,20
5587,5,0,20
5588,5,0,20
5589,5,0,20
5590,5,0,20
5591,5,0,20
5592,5,0,20
5593,5,0,20
5594,5,0,20
5595,5,0,20
5596,5,0,20
5597,5,0,20
5598,5,0,20
5599,5,0,20
5600,5,0,20
5601,5,0,20
5602,5,0,20
5603,5,0,20
5604,5,0,20
5605,5,0,20
5606,5,0,20
5607,5,0,20
5608,5,0,20
5609,5,0,20
5610,5,0,20
5611,5,0,20
5612,5,0,20
5613,5,0,20
5614,5,0,20
5615,5,0,20
5616,5,0,20
5617,5,0,20
5618,5,0,20
5619,5,0,20
5620,5,0,20
5621,5,0,20
5622,5,0,20
5623,5,0,20
5624,5,0,20
5625,5,0,20
5626,5,0,20
5627,5,0,20
5628,5,0,20
5629,5,0,20
5630,5,0,20
5631,5,0,20
5632,5,0,20
5633,5,0,20
5634,5,0,20
5635,5,0,20
5636,5,0,20
5637,5,0,20
5638,5,0,20
5639,5,0,20
5640,5,0,20
5641,5,0,20
5642,5,0,20
5643,5,0,20
5644,5,0,20
5645,5,0,20
5646,5,0,20
5647,5,0,20
5648,5,0,20
5649,5,0,20
5650,5,0,20
5651,5,0,20
5652,5,0,20
5653,5,0,20
5654,5,0,20
5655,5,0,20
5656,5,0,20
5657,5,0,20
5658,5,0,20
5659,5,0,20
5660,5,0,20
5661,5,0,20
5662,5,0,20
5663,5,0,20
5664,5,0,20
5665,5,0,20
5666,5,0,20
5667,5,0,20
5668,5,0,20
5669,5,0,20
5670,5,0,20
5671,5,0,20
5672,5,0,20
5673,5,0,20
5674,5,0,20
5675,5,0,20
5676,5,0,20
5677,5,0,20
5678,5,0,20
5679,5,0,20
5680,5,0,20
5681,5,0,20
5682,5,0,20
5683,5,0,20
5684,5,0,20
5685,5,0,20
5686,5,0,20
5687,5,0,20
5688,5,0,20
5689,5,0,20
5690,5,0,20
5691,5,0,20
5692,5,0,20
5693,5,0,20
5694,5,0,20
5695,5,0,20
5696,5,0,20
5697,5,0,20
5698,5,0,20
5699,5,0,20
5700,5,0,20
5701,5,0,20
5702,5,0,20
5703,5,0,20
5704,5,0,20
5705,5,0,20
5706,5,0,20
5707,5,0,20
5708,5,0,20
5709,5,0,20
5710,5,0,20
5711,5,0,20
5712,5,0,20
5713,5,0,20
5714,5,0,20
5715,5,0,20
5716,5,0,20
5717,5,0,20
5718,5,0,20
5719,5,0,20
5720,5,0,20
5721,5,0,20
5722,5,0,20
5723,5,0,20
5724,5,0,20
5725,5,0,20
5726,5,0,20
5727,5,0,20
5728,5,0,20
5729,5,0,20
5730,5,0,20
5731,5,0,20
5732,5,0,20
5733,5,0,20
5734,5,0,20
5735,5,0,20
5736,5,0,20
5737,5,0,20
5738,5,0,20
5739,5,0,20
5740,5,0,20
5741,5,0,20
5742,5,0,20
5743,5,0,20
5744,5,0,20
5745,5,0,20
5746,5,0,20
5747,5,0,20
5748,5,0,20
5749,5,0,20
5750,5,0,20
5751,5,0,20
5752,5,0,20
5753,5,0,20
5754,5,0,20
5755,5,0,20
5756,5,0,20
5757,5,0,20
5758,5,0,20
5759,5,0,20
5760,5,0,20
5761,5,0,20
5762,5,0,20
5763,5,0,20
5764,5,0,20
5765,5,0,20
5766,5,0,20
5767,5,0,20
5768,5,0,20
5769,5,0,20
5770,5,0,20
5771,5,0,20
5772,5,0,20
5773,5,0,20
5774,5,0,20
5775,5,0,20
5776,5,0,20
5777,5,0,20
5778,5,0,20
5779,5,0,20
5780,5,0,20
5781,5,0,20
5782,5,0,20
5783,5,0,20
5784,5,0,20
5785,5,0,20
5786,5,0,20
5787,5,0,20
5788,5,0,20
5789,5,0,20
5790,5,0,20
5791,5,0,20
5792,5,0,20
5793,5,0,20
5794,5,0,20
5795,5,0,20
5796,5,0,20
5797,5,0,20
5798,5,0,20
5799,5,0,20
5800,5,0,20
5801,5,0,20
5802,5,0,20
5803,5,0,20
5804,5,0,20
5805,5,0,20
5806,5,0,20
5807,5,0,20
5808,5,0,20
5809,5,0,20
5810,5,0,20
5811,5,0,20
5812,5,0,20
5813,5,0,20
5814,5,0,20
5815,5,0,20
5816,5,0,20
5817,5,0,20
5818,5,0,20
5819,5,0,20
5820,5,0,20
5821,5,0,20
5822,5,0,20
5823,5,0,20
5824,5,0,20
5825,5,0,20
5826,5,0,20
5827,5,0,20
5828,5,0,20
5829,5,0,20
5830,5,0,20
5831,5,0,20
5832,5,0,20
5833,5,0,20
5834,5,0,20
5835,5,0,20
5836,5,0,20
5837,5,0,20
5838,5,0,20
5839,5,0,20
5840,5,0,20
5841,5,0,20
5842,5,0,20
5843,5,0,20
5844,5,0,20
5845,5,0,20
5846,5,0,20
5847,5,0,20
5848,5,0,20
5849,5,0,20
5850,5,0,20
5851,5,0,20
5852,5,0,20
5853,5,0,20
5854,5,0,20
5855,5,0,20
5856,5,0,20
5857,5,0,20
5858,5,0,20
5859,5,0,20
5860,5,0,20
5861,5,0,20
5862,5,0,20
5863,5,0,20
5864,5,0,20
5865,5,0,20
5866,5,0,20
5867,5,0,20
5868,5,0,20
5869,5,0,20
5870,5,0,20
5871,5,0,20
5872,5,0,20
5873,5,0,20
5874,5,0,20
5875,5,0,20
5876,5,0,20
5877,5,0,20
5878,5,0,20
5879,5,0,20
5880,5,0,20
5881,5,0,20
5882,5,0,20
5883,5,0,20
5884,5,0,20
5885,5,0,20
5886,5,0,20
5887,5,0,20
5888,5,0,20
5889,5,0,20
5890,5,0,20
5891,5,0,20
5892,5,0,20
5893,5,0,20
5894,5,0,20
5895,5,0,20
5896,5,0,20
5897,5,0,20
5898,5,0,20
5899,5,0,20
5900,5,0,20
5901,5,0,20
5902,5,0,20
5903,5,0,20
5904,5,0,20
5905,5,0,20
5906,5,0,20
5907,5,0,20
5908,5,0,20
5909,5,0,20
5910,5,0,20
5911,5,0,20
5912,5,0,20
5913,5,0,20
5914,5,0,20
5915,5,0,20
5916,5,0,20
5917,5,0,20
5918,5,0,20
5919,5,0,20
5920,5,0,20
5921,5,0,20
5922,5,0,20
5923,5,0,20
5924,5,0,20
5925,5,0,20
5926,5,0,20
5927,5,0,20
5928,5,0,20
5929,5,0,20
5930,5,0,20
5931,5,0,20
5932,5,0,20
5933,5,0,20
5934,5,0,20
5935,5,0,20
5936,5,0,20
5937,5,0,20
5938,5,0,20
5939,5,0,20
5940,5,0,20
5941,5,0,20
5942,5,0,20
5943,5,0,20
5944,5,0,20
5945,5,0,20
5946,5,0,20
5947,5,0,20
5948,5,0,20
5949,5,0,20
5950,5,0,20
5951,5,0,20
5952,5,0,20
5953,5,0,20
5954,5,0,20
5955,5,0,20
5956,5,0,20
5957,5,0,20
5958,5,0,20
5959,5,0,20
5960,5,0,20
5961,5,0,20
5962,5,0,20
5963,5,0,20
5964,5,0,20
5965,5,0,20
5966,5,0,20
5967,5,0,20
5968,5,0,20
5969,5,0,20
5970,5,0,20
5971,5,0,20
5972,5,0,20
5973,5,0,20
5974,5,0,20
5975,5,0,20
5976,5,0,20
5977,5,0,20
5978,5,0,20
5979,5,0,20
5980,5,0,20
5981,5,0,20
5982,5,0,20
5983,5,0,20
5984,5,0,20
5985,5,0,20
5986,5,0,20
5987,5,0,20
5988,5,0,20
5989,5,0,20
5990,5,0,20
5991,5,0,20
5992,5,0,20
5993,5,0,20
5994,5,0,20
5995,5,0,20
5996,5,0,20
5997,5,0,20
5998,5,0,20
5999,5,0,20
6000,5,0,20
6001,5,0,20
6002,5,0,20
6003,5,0,20
6004,5,0,20
6005,5,0,20
6006,5,0,20
6007,5,0,20
6008,5,0,20
6009,5,0,20
6010,5,0,20
6011,5,0,20
6012,5,0,20
6013,5,0,20
6014,5,0,20
6015,5,0,20
6016,5,0,20
6017,5,0,20
6018,5,0,20
6019,5,0,20
6020,5,0,20
6021,5,0,20
6022,5,0,20
6023,5,0,20
6024,5,0,20
6025,5,0,20
6026,5,0,20
6027,5,0,20
6028,5,0,20
6029,5,0,20
6030,5,0,20
6031,5,0,20
6032,5,0,20
6033,5,0,20
6034,5,0,20
6035,5,0,20
6036,5,0,20
6037,5,0,20
6038,5,0,20
6039,5,0,20
6040,5,0,20
6041,5,0,20
6042,5,0,20
6043,5,0,20
6044,5,0,20
6045,5,0,20
6046,5,0,20
6047,5,0,20
6048,5,0,20
6049,5,0,20
6050,5,0,20
6051,5,0,20
6052,5,0,20
6053,5,0,20
6054,5,0,20
6055,5,0,20
6056,5,0,20
6057,5,0,20
6058,5,0,20
6059,5,0,20
6060,5,0,20
6061,5,0,20
6062,5,0,20
6063,5,0,20
6064,5,0,20
6065,5,0,20
6066,5,0,20
6067,5,0,20
6068,5,0,20
6069,5,0,20
6070,5,0,20
6071,5,0,20
6072,5,0,20
6073,5,0,20
6074,5,0,20
6075,5,0,20
6076,5,0,20
6077,5,0,20
6078,5,0,20
6079,5,0,20
6080,5,0,20
6081,5,0,20
6082,5,0,20
6083,5,0,20
6084,5,0,20
6085,5,0,20
6086,5,0,20
6087,5,0,20
6088,5,0,20
6089,5,0,20
6090,5,0,20
6091,5,0,20
6092,5,0,20
6093,5,0,20
6094,5,0,20
6095,5,0,20
6096,5,0,20
6097,5,0,20
6098,5,0,20
6099,5,0,20
6100,5,0,20
6101,5,0,20
6102,5,0,20
6103,5,0,20
6104,5,0,20
6105,5,0,20
6106,5,0,20
6107,5,0,20
6108,5,0,20
6109,5,0,20
6110,5,0,20
6111,5,0,20
6112,5,0,20
6113,5,0,20
6114,5,0,20
6115,5,0,20
6116,5,0,20
6117,5,0,20
6118,5,0,20
6119,5,0,20
6120,5,0,20
6121,5,0,20
6122,5,0,20
6123,5,0,20
6124,5,0,20
6125,5,0,20
6126,5,0,20
6127,5,0,20
6128,5,0,20
6129,5,0,20
6130,5,0,20
6131,5,0,20
6132,5,0,20
6133,5,0,20
6134,5,0,20
6135,5,0,20
6136,5,0,20
6137,5,0,20
6138,5,0,20
6139,5,0,20
6140,5,0,20
6141,5,0,20
6142,5,0,20
6143,5,0,20
6144,5,0,20
6145,5,0,20
6146,5,0,20
6147,5,0,20
6148,5,0,20
6149,5,0,20
6150,5,0,20
6151,5,0,20
6152,5,0,20
6153,5,0,20
6154,5,0,20
6155,5,0,20
6156,5,0,20
6157,5,0,20
6158,5,0,20
6159,5,0,20
6160,5,0,20
6161,5,0,20
6162,5,0,20
6163,5,0,20
6164,5,0,20
6165,5,0,20
6166,5,0,20
6167,5,0,20
6168,5,0,20
6169,5,0,20
6170,5,0,20
6171,5,0,20
6172,5,0,20
6173,5,0,20
6174,5,0,20
6175,5,0,20
6176,5,0,20
6177,5,0,20
6178,5,0,20
6179,5,0,20
6180,5,0,20
6181,5,0,20
6182,5,0,20
6183,5,0,20
6184,5,0,20
6185,5,0,20
6186,5,0,20
6187,5,0,20
6188,5,0,20
6189,5,0,20
6190,5,0,20
6191,5,0,20
6192,5,0,20
6193,5,0,20
6194,5,0,20
6195,5,0,20
6196,5,0,20
6197,5,0,20
6198,5,0,20
6199,5,0,20
6200,5,0,20
6201,5,0,20
6202,5,0,20
6203,5,0,20
6204,5,0,20
6205,5,0,20
6206,5,0,20
6207,5,0,20
6208,5,0,20
6209,5,0,20
6210,5,0,20
6211,5,0,20
6212,5,0,20
6213,5,0,20
6214,5,0,20
6215,5,0,20
6216,5,0,20
6217,5,0,20
6218,5,0,20
6219,5,0,20
6220,5,0,20
6221,5,0,20
6222,5,0,20
6223,5,0,20
6224,5,0,20
6225,5,0,20
6226,5,0,20
6227,5,0,20
6228,5,0,20
6229,5,0,20
6230,5,0,20
6231,5,0,20
6232,5,0,20
6233,5,0,20
6234,5,0,20
6235,5,0,20
6236,5,0,20
6237,5,0,20
6238,5,0,20
6239,5,0,20
6240,5,0,20
6241,5,0,20
6242,5,0,20
6243,5,0,20
6244,5,0,20
6245,5,0,20
6246,5,0,20
6247,5,0,20
6248,5,0,20
6249,5,0,20
6250,5,0,20
6251,5,0,20
6252,5,0,20
6253,5,0,20
6254,5,0,20
6255,5,0,20
6256,5,0,20
6257,5,0,20
6258,5,0,20
6259,5,0,20
6260,5,0,20
6261,5,0,20
6262,5,0,20
6263,5,0,20
6264,5,0,20
6265,5,0,20
6266,5,0,20
6267,5,0,20
6268,5,0,20
6269,5,0,20
6270,5,0,20
6271,5,0,20
6272,5,0,20
6273,5,0,20
6274,5,0,20
6275,5,0,20
6276,5,0,20
6277,5,0,20
6278,5,0,20
6279,5,0,20
6280,5,0,20
6281,5,0,20
6282,5,0,20
6283,5,0,20
6284,5,0,20
6285,5,0,20
6286,5,0,20
6287,5,0,20
6288,5,0,20
6289,5,0,20
6290,5,0,20
6291,5,0,20
6292,5,0,20
6293,5,0,20
6294,5,0,20
6295,5,0,20
6296,5,0,20
6297,5,0,20
6298,5,0,20
6299,5,0,20
6300,5,0,20
6301,5,0,20
6302,5,0,20
6303,5,0,20
6304,5,0,20
6305,5,0,20
6306,5,0,20
6307,5,0,20
6308,5,0,20
6309,5,0,20
6310,5,0,20
6311,5,0,20
6312,5,0,20
6313,5,0,20
6314,5,0,20
6315,5,0,20
6316,5,0,20
6317,5,0,20
6318,5,0,20
6319,5,0,20
6320,5,0,20
6321,5,0,20
6322,5,0,20
6323,5,0,20
6324,5,0,20
6325,5,0,20
6326,5,0,20
6327,5,0,20
6328,5,0,20
6329,5,0,20
6330,5,0,20
6331,5,0,20
6332,5,0,20
6333,5,0,20
6334,5,0,20
6335,5,0,20
6336,5,0,20
6337,5,0,20
6338,5,0,20
6339,5,0,20
6340,5,0,20
6341,5,0,20
6342,5,0,20
6343,5,0,20
6344,5,0,20
6345,5,0,20
6346,5,0,20
6347,5,0,20
6348,5,0,20
6349,5,0,20
6350,5,0,20
6351,5,0,20
6352,5,0,20
6353,5,0,20
6354,5,0,20
6355,5,0,20
6356,5,0,20
6357,5,0,20
6358,5,0,20
6359,5,0,20
6360,5,0,20
6361,5,0,20
6362,5,0,20
6363,5,0,20
6364,5,0,20
6365,5,0,20
6366,5,0,20
6367,5,0,20
6368,5,0,20
6369,5,0,20
6370,5,0,20
6371,5,0,20
6372,5,0,20
6373,5,0,20
6374,5,0,20
6375,5,0,20
6376,5,0,20
6377,5,0,20
6378,5,0,20
6379,5,0,20
6380,5,0,20
6381,5,0,20
6382,5,0,20
6383,5,0,20
6384,5,0,20
6385,5,0,20
6386,5,0,20
6387,5,0,20
6388,5,0,20
6389,5,0,20
6390,5,0,20
6391,5,0,20
6392,5,0,20
6393,5,0,20
6394,5,0,20
6395,5,0,20
6396,5,0,20
6397,5,0,20
6398,5,0,20
6399,5,0,20
6400,5,0,20
6401,5,0,20
6402,5,0,20
6403,5,0,20
6404,5,0,20
6405,5,0,20
6406,5,0,20
6407,5,0,20
6408,5,0,20
6409,5,0,20
6410,5,0,20
6411,5,0,20
6412,5,0,20
6413,5,0,20
6414,5,0,20
6415,5,0,20
6416,5,0,20
6417,5,0,20
6418,5,0,20
6419,5,0,20
6420,5,0,20
6421,5,0,20
6422,5,0,20
6423,5,0,20
6424,5,0,20
6425,5,0,20
6426,5,0,20
6427,5,0,20
6428,5,0,20
6429,5,0,20
6430,5,0,20
6431,5,0,20
6432,5,0,20
6433,5,0,20
6434,5,0,20
6435,5,0,20
6436,5,0,20
6437,5,0,20
6438,5,0,20
6439,5,0,20
6440,5,0,20
6441,5,0,20
6442,5,0,20
6443,5,0,20
6444,5,0,20
6445,5,0,20
6446,5,0,20
6447,5,0,20
6448,5,0,20
6449,5,0,20
6450,5,0,20
6451,5,0,20
6452,5,0,20
6453,5,0,20
6454,5,0,20
6455,5,0,20
6456,5,0,20
6457,5,0,20
6458,5,0,20
6459,5,0,20
6460,5,0,20
6461,5,0,20
6462,5,0,20
6463,5,0,20
6464,5,0,20
6465,5,0,20
6466,5,0,20
6467,5,0,20
6468,5,0,20
6469,5,0,20
6470,5,0,20
6471,5,0,20
6472,5,0,20
6473,5,0,20
6474,5,0,20
6475,5,0,20
6476,5,0,20
6477,5,0,20
6478,5,0,20
6479,5,0,20
6480,5,0,20
6481,5,0,20
6482,5,0,20
6483,5,0,20
6484,5,0,20
6485,5,0,20
6486,5,0,20
6487,5,0,20
6488,5,0,20
6489,5,0,20
6490,5,0,20
6491,5,0,20
6492,5,0,20
6493,5,0,20
6494,5,0,20
6495,5,0,20
6496,5,0,20
6497,5,0,20
6498,5,0,20
6499,5,0,20
6500,5,0,20
6501,5,0,20
6502,5,0,20
6503,5,0,20
6504,5,0,20
6505,5,0,20
6506,5,0,20
6507,5,0,20
6508,5,0,20
6509,5,0,20
6510,5,0,20
6511,5,0,20
6512,5,0,20
6513,5,0,20
6514,5,0,20
6515,5,0,20
6516,5,0,20
6517,5,0,20
6518,5,0,20
6519,5,0,20
6520,5,0,20
6521,5,0,20
6522,5,0,20
6523,5,0,20
6524,5,0,20
6525,5,0,20
6526,5,0,20
6527,5,0,20
6528,5,0,20
6529,5,0,20
6530,5,0,20
6531,5,0,20
6532,5,0,20
6533,5,0,20
6534,5,0,20
6535,5,0,20
6536,5,0,20
6537,5,0,20
6538,5,0,20
6539,5,0,20
6540,5,0,20
6541,5,0,20
6542,5,0,20
6543,5,0,20
6544,5,0,20
6545,5,0,20
6546,5,0,20
6547,5,0,20
6548,5,0,20
6549,5,0,20
6550,5,0,20
6551,5,0,20
6552,5,0,20
6553,5,0,20
6554,5,0,20
6555,5,0,20
6556,5,0,20
6557,5,0,20
6558,5,0,20
6559,5,0,20
6560,5,0,20
6561,5,0,20
6562,5,0,20
6563,5,0,20
6564,5,0,20
6565,5,0,20
6566,5,0,20
6567,5,0,20
6568,5,0,20
6569,5,0,20
6570,5,0,20
6571,5,0,20
6572,5,0,20
6573,5,0,20
6574,5,0,20
6575,5,0,20
6576,5,0,20
6577,5,0,20
6578,5,0,20
6579,5,0,20
6580,5,0,20
6581,5,0,20
6582,5,0,20
6583,5,0,20
6584,5,0,20
6585,5,0,20
6586,5,0,20
6587,5,0,20
6588,5,0,20
6589,5,0,20
6590,5,0,20
6591,5,0,20
6592,5,0,20
6593,5,0,20
6594,5,0,20
6595,5,0,20
6596,5,0,20
6597,5,0,20
6598,5,0,20
6599,5,0,20
6600,5,0,20
6601,5,0,20
6602,5,0,20
6603,5,0,20
6604,5,0,20
6605,5,0,20
6606,5,0,20
6607,5,0,20
6608,5,0,20
6609,5,0,20
6610,5,0,20
6611,5,0,20
6612,5,0,20
6613,5,0,20
6614,5,0,20
6615,5,0,20
6616,5,0,20
6617,5,0,20
6618,5,0,20
6619,5,0,20
6620,5,0,20
6621,5,0,20
6622,5,0,20
6623,5,0,20
6624,5,0,20
6625,5,0,20
6626,5,0,20
6627,5,0,20
6628,5,0,20
6629,5,0,20
6630,5,0,20
6631,5,0,20
6632,5,0,20
6633,5,0,20
6634,5,0,20
6635,5,0,20
6636,5,0,20
6637,5,0,20
6638,5,0,20
6639,5,0,20
6640,5,0,20
6641,5,0,20
6642,5,0,20
6643,5,0,20
6644,5,0,20
6645,5,0,20
6646,5,0,20
6647,5,0,20
6648,5,0,20
6649,5,0,20
6650,5,0,20
6651,5,0,20
6652,5,0,20
6653,5,0,20
6654,5,0,20
6655,5,0,20
6656,5,0,20
6657,5,0,20
6658,5,0,20
6659,5,0,20
6660,5,0,20
6661,5,0,20
6662,5,0,20
6663,5,0,20
6664,5,0,20
6665,5,0,20
6666,5,0,20
6667,5,0,20
6668,5,0,20
6669,5,0,20
6670,5,0,20
6671,5,0,20
6672,5,0,20
6673,5,0,20
6674,5,0,20
6675,5,0,20
6676,5,0,20
6677,5,0,20
6678,5,0,20
6679,5,0,20
6680,5,0,20
6681,5,0,20
6682,5,0,20
6683,5,0,20
6684,5,0,20
6685,5,0,20
6686,5,0,20
6687,5,0,20
6688,5,0,20
6689,5,0,20
6690,5,0,20
6691,5,0,20
6692,5,0,20
6693,5,0,20
6694,5,0,20
6695,5,0,20
6696,5,0,20
6697,5,0,20
6698,5,0,20
6699,5,0,20
6700,5,0,20
6701,5,0,20
6702,5,0,20
6703,5,0,20
6704,5,0,20
6705,5,0,20
6706,5,0,20
6707,5,0,20
6708,5,0,20
6709,5,0,20
6710,5,0,20
6711,5,0,20
6712,5,0,20
6713,5,0,20
6714,5,0,20
6715,5,0,20
6716,5,0,20
6717,5,0,20
6718,5,0,20
6719,5,0,20
6720,5,0,20
6721,5,0,20
6722,5,0,20
6723,5,0,20
6724,5,0,20
6725,5,0,20
6726,5,0,20
6727,5,0,20
6728,5,0,20
6729,5,0,20
6730,5,0,20
6731,5,0,20
6732,5,0,20
6733,5,0,20
6734,5,0,20
6735,5,0,20
6736,5,0,20
6737,5,0,20
6738,5,0,20
6739,5,0,20
6740,5,0,20
6741,5,0,20
6742,5,0,20
6743,5,0,20
6744,5,0,20
6745,5,0,20
6746,5,0,20
6747,5,0,20
6748,5,0,20
6749,5,0,20
6750,5,0,20
6751,5,0,20
6752,5,0,20
6753,5,0,20
6754,5,0,20
6755,5,0,20
6756,5,0,20
6757,5,0,20
6758,5,0,20
6759,5,0,20
6760,5,0,20
6761,5,0,20
6762,5,0,20
6763,5,0,20
6764,5,0,20
6765,5,0,20
6766,5,0,20
6767,5,0,20
6768,5,0,20
6769,5,0,20
6770,5,0,20
6771,5,0,20
6772,5,0,20
6773,5,0,20
6774,5,0,20
6775,5,0,20
6776,5,0,20
6777,5,0,20
6778,5,0,20
6779,5,0,20
6780,5,0,20
6781,5,0,20
6782,5,0,20
6783,5,0,20
6784,5,0,20
6785,5,0,20
6786,5,0,20
6787,5,0,20
6788,5,0,20
6789,5,0,20
6790,5,0,20
6791,5,0,20
6792,5,0,20
6793,5,0,20
6794,5,0,20
6795,5,0,20
6796,5,0,20
6797,5,0,20
6798,5,0,20
6799,5,0,20
6800,5,0,20
6801,5,0,20
6802,5,0,20
6803,5,0,20
6804,5,0,20
6805,5,0,20
6806,5,0,20
6807,5,0,20
6808,5,0,20
6809,5,0,20
6810,5,0,20
6811,5,0,20
6812,5,0,20
6813,5,0,20
6814,5,0,20
6815,5,0,20
6816,5,0,20
6817,5,0,20
6818,5,0,20
6819,5,0,20
6820,5,0,20
6821,5,0,20
6822,5,0,20
6823,5,0,20
6824,5,0,20
6825,5,0,20
6826,5,0,20
6827,5,0,20
6828,5,0,20
6829,5,0,20
6830,5,0,20
6831,5,0,20
6832,5,0,20
6833,5,0,20
6834,5,0,20
6835,5,0,20
6836,5,0,20
6837,5,0,20
6838,5,0,20
6839,5,0,20
6840,5,0,20
6841,5,0,20
6842,5,0,20
6843,5,0,20
6844,5,0,20
6845,5,0,20
6846,5,0,20
6847,5,0,20
6848,5,0,20
6849,5,0,20
6850,5,0,20
6851,5,0,20
6852,5,0,20
6853,5,0,20
6854,5,0,20
6855,5,0,20
6856,5,0,20
6857,5,0,20
6858,5,0,20
6859,5,0,20
6860,5,0,20
6861,5,0,20
6862,5,0,20
6863,5,0,20
6864,5,0,20
6865,5,0,20
6866,5,0,20
6867,5,0,20
6868,5,0,20
6869,5,0,20
6870,5,0,20
6871,5,0,20
6872,5,0,20
6873,5,0,20
6874,5,0,20
6875,5,0,20
6876,5,0,20
6877,5,0,20
6878,5,0,20
6879,5,0,20
6880,5,0,20
6881,5,0,20
6882,5,0,20
6883,5,0,20
6884,5,0,20
6885,5,0,20
6886,5,0,20
6887,5,0,20
6888,5,0,20
6889,5,0,20
6890,5,0,20
6891,5,0,20
6892,5,0,20
6893,5,0,20
6894,5,0,20
6895,5,0,20
6896,5,0,20
6897,5,0,20
6898,5,0,20
6899,5,0,20
6900,5,0,20
6901,5,0,20
6902,5,0,20
6903,5,0,20
6904,5,0,20
6905,5,0,20
6906,5,0,20
6907,5,0,20
6908,5,0,20
6909,5,0,20
6910,5,0,20
6911,5,0,20
6912,5,0,20
6913,5,0,20
6914,5,0,20
6915,5,0,20
6916,5,0,20
6917,5,0,20
6918,5,0,20
6919,5,0,20
6920,5,0,20
6921,5,0,20
6922,5,0,20
6923,5,0,20
6924,5,0,20
6925,5,0,20
6926,5,0,20
6927,5,0,20
6928,5,0,20
6929,5,0,20
6930,5,0,20
6931,5,0,20
6932,5,0,20
6933,5,0,20
6934,5,0,20
6935,5,0,20
6936,5,0,20
6937,5,0,20
6938,5,0,20
6939,5,0,20
6940,5,0,20
6941,5,0,20
6942,5,0,20
6943,5,0,20
6944,5,0,20
6945,5,0,20
6946,5,0,20
6947,5,0,20
6948,5,0,20
6949,5,0,20
6950,5,0,20
6951,5,0,20
6952,5,0,20
6953,5,0,20
6954,5,0,20
6955,5,0,20
6956,5,0,20
6957,5,0,20
6958,5,0,20
6959,5,0,20
6960,5,0,20
6961,5,0,20
6962,5,0,20
6963,5,0,20
6964,5,0,20
6965,5,0,20
6966,5,0,20
6967,5,0,20
6968,5,0,20
6969,5,0,20
6970,5,0,20
6971,5,0,20
6972,5,0,20
6973,5,0,20
6974,5,0,20
6975,5,0,20
6976,5,0,20
6977,5,0,20
6978,5,0,20
6979,5,0,20
6980,5,0,20
6981,5,0,20
6982,5,0,20
6983,5,0,20
6984,5,0,20
6985,5,0,20
6986,5,0,20
6987,5,0,20
6988,5,0,20
6989,5,0,20
6990,5,0,20
6991,5,0,20
6992,5,0,20
6993,5,0,20
6994,5,0,20
6995,5,0,20
6996,5,0,20
6997,5,0,20
6998,5,0,20
6999,5,0,20
7000,5,0,20
7001,5,0,20
7002,5,0,20
7003,5,0,20
7004,5,0,20
7005,5,0,20
7006,5,0,20
7007,5,0,20
7008,5,0,20
7009,5,0,20
7010,5,0,20
7011,5,0,20
7012,5,0,20
7013,5,0,20
7014,5,0,20
7015,5,0,20
7016,5,0,20
7017,5,0,20
7018,5,0,20
7019,5,0,20
7020,5,0,20
7021,5,0,20
7022,5,0,20
7023,5,0,20
7024,5,0,20
7025,5,0,20
7026,5,0,20
7027,5,0,20
7028,5,0,20
7029,5,0,20
7030,5,0,20
7031,5,0,20
7032,5,0,20
7033,5,0,20
7034,5,0,20
7035,5,0,20
7036,5,0,20
7037,5,0,20
7038,5,0,20
7039,5,0,20
7040,5,0,20
7041,5,0,20
7042,5,0,20
7043,5,0,20
7044,5,0,20
7045,5,0,20
7046,5,0,20
7047,5,0,20
7048,5,0,20
7049,5,0,20
7050,5,0,20
7051,5,0,20
7052,5,0,20
7053,5,0,20
7054,5,0,20
7055,5,0,20
7056,5,0,20
7057,5,0,20
7058,5,0,20
7059,5,0,20
7060,5,0,20
7061,5,0,20
7062,5,0,20
7063,5,0,20
7064,5,0,20
7065,5,0,20
7066,5,0,20
7067,5,0,20
7068,5,0,20
7069,5,0,20
7070,5,0,20
7071,5,0,20
7072,5,0,20
7073,5,0,20
7074,5,0,20
7075,5,0,20
7076,5,0,20
7077,5,0,20
7078,5,0,20
7079,5,0,20
7080,5,0,20
7081,5,0,20
7082,5,0,20
7083,5,0,20
7084,5,0,20
7085,5,0,20
7086,5,0,20
7087,5,0,20
7088,5,0,20
7089,5,0,20
7090,5,0,20
7091,5,0,20
7092,5,0,20
7093,5,0,20
7094,5,0,20
7095,5,0,20
7096,5,0,20
7097,5,0,20
7098,5,0,20
7099,5,0,20
7100,5,0,20
7101,5,0,20
7102,5,0,20
7103,5,0,20
7104,5,0,20
7105,5,0,20
7106,5,0,20
7107,5,0,20
7108,5,0,20
7109,5,0,20
7110,5,0,20
7111,5,0,20
7112,5,0,20
7113,5,0,20
7114,5,0,20
7115,5,0,20
7116,5,0,20
7117,5,0,20
7118,5,0,20
7119,5,0,20
7120,5,0,20
7121,5,0,20
7122,5,0,20
7123,5,0,20
7124,5,0,20
7125,5,0,20
7126,5,0,20
7127,5,0,20
7128,5,0,20
7129,5,0,20
7130,5,0,20
7131,5,0,20
7132,5,0,20
7133,5,0,20
7134,5,0,20
7135,5,0,20
7136,5,0,20
7137,5,0,20
7138,5,0,20
7139,5,0,20
7140,5,0,20
7141,5,0,20
7142,5,0,20
7143,5,0,20
7144,5,0,20
7145,5,0,20
7146,5,0,20
7147,5,0,20
7148,5,0,20
7149,5,0,20
7150,5,0,20
7151,5,0,20
7152,5,0,20
7153,5,0,20
7154,5,0,20
7155,5,0,20
7156,5,0,20
7157,5,0,20
7158,5,0,20
7159,5,0,20
7160,5,0,20
7161,5,0,20
7162,5,0,20
7163,5,0,20
7164,5,0,20
7165,5,0,20
7166,5,0,20
7167,5,0,20
7168,5,0,20
7169,5,0,20
7170,5,0,20
7171,5,0,20
7172,5,0,20
7173,5,0,20
7174,5,0,20
7175,5,0,20
7176,5,0,20
7177,5,0,20
7178,5,0,20
7179,5,0,20
7180,5,0,20
7181,5,0,20
7182,5,0,20
7183,5,0,20
7184,5,0,20
7185,5,0,20
7186,5,0,20
7187,5,0,20
7188,5,0,20
7189,5,0,20
7190,5,0,20
7191,5,0,20
7192,5,0,20
7193,5,0,20
7194,5,0,20
7195,5,0,20
7196,5,0,20
7197,5,0,20
7198,5,0,20
7199,5,0,20
7200,5,0,20
7201,5,0,20
7202,5,0,20
7203,5,0,20
7204,5,0,20
7205,5,0,20
7206,5,0,20
7207,5,0,20
7208,5,0,20
7209,5,0,20
7210,5,0,20
7211,5,0,20
7212,5,0,20
7213,5,0,20
7214,5,0,20
7215,5,0,20
7216,5,0,20
7217,5,0,20
7218,5,0,20
7219,5,0,20
7220,5,0,20
7221,5,0,20
7222,5,0,20
7223,5,0,20
7224,5,0,20
7225,5,0,20
7226,5,0,20
7227,5,0,20
7228,5,0,20
7229,5,0,20
7230,5,0,20
7231,5,0,20
7232,5,0,20
7233,5,0,20
7234,5,0,20
7235,5,0,20
7236,5,0,20
7237,5,0,20
7238,5,0,20
7239,5,0,20
7240,5,0,20
7241,5,0,20
7242,5,0,20
7243,5,0,20
7244,5,0,20
7245,5,0,20
7246,5,0,20
7247,5,0,20
7248,5,0,20
7249,5,0,20
7250,5,0,20
7251,5,0,20
7252,5,0,20
7253,5,0,20
7254,5,0,20
7255,5,0,20
7256,5,0,20
7257,5,0,20
7258,5,0,20
7259,5,0,20
7260,5,0,20
7261,5,0,20
7262,5,0,20
7263,5,0,20
7264,5,0,20
7265,5,0,20
7266,5,0,20
7267,5,0,20
7268,5,0,20
7269,5,0,20
7270,5,0,20
7271,5,0,20
7272,5,0,20
7273,5,0,20
7274,5,0,20
7275,5,0,20
7276,5,0,20
7277,5,0,20
7278,5,0,20
7279,5,0,20
7280,5,0,20
7281,5,0,20
7282,5,0,20
7283,5,0,20
7284,5,0,20
7285,5,0,20
7286,5,0,20
7287,5,0,20
7288,5,0,20
7289,5,0,20
7290,5,0,20
7291,5,0,20
7292,5,0,20
7293,5,0,20
7294,5,0,20
7295,5,0,20
7296,5,0,20
7297,5,0,20
7298,5,0,20
7299,5,0,20
7300,5,0,20
7301,5,0,20
7302,5,0,20
7303,5,0,20
7304,5,0,20
7305,5,0,20
7306,5,0,20
7307,5,0,20
7308,5,0,20
7309,5,0,20
7310,5,0,20
7311,5,0,20
7312,5,0,20
7313,5,0,20
7314,5,0,20
7315,5,0,20
7316,5,0,20
7317,5,0,20
7318,5,0,20
7319,5,0,20
7320,5,0,20
7321,5,0,20
7322,5,0,20
7323,5,0,20
7324,5,0,20
7325,5,0,20
7326,5,0,20
7327,5,0,20
7328,5,0,20
7329,5,0,20
7330,5,0,20
7331,5,0,20
7332,5,0,20
7333,5,0,20
7334,5,0,20
7335,5,0,20
7336,5,0,20
7337,5,0,20
7338,5,0,20
7339,5,0,20
7340,5,0,20
7341,5,0,20
7342,5,0,20
7343,5,0,20
7344,5,0,20
7345,5,0,20
7346,5,0,20
7347,5,0,20
7348,5,0,20
7349,5,0,20
7350,5,0,20
7351,5,0,20
7352,5,0,20
7353,5,0,20
7354,5,0,20
7355,5,0,20
7356,5,0,20
7357,5,0,20
7358,5,0,20
7359,5,0,20
7360,5,0,20
7361,5,0,20
7362,5,0,20
7363,5,0,20
7364,5,0,20
7365,5,0,20
7366,5,0,20
7367,5,0,20
7368,5,0,20
7369,5,0,20
7370,5,0,20
7371,5,0,20
7372,5,0,20
7373,5,0,20
7374,5,0,20
7375,5,0,20
7376,5,0,20
7377,5,0,20
7378,5,0,20
7379,5,0,20
7380,5,0,20
7381,5,0,20
7382,5,0,20
7383,5,0,20
7384,5,0,20
7385,5,0,20
7386,5,0,20
7387,5,0,20
7388,5,0,20
7389,5,0,20
7390,5,0,20
7391,5,0,20
7392,5,0,20
7393,5,0,20
7394,5,0,20
7395,5,0,20
7396,5,0,20
7397,5,0,20
7398,5,0,20
7399,5,0,20
7400,5,0,20
7401,5,0,20
7402,5,0,20
7403,5,0,20
7404,5,0,20
7405,5,0,20
7406,5,0,20
7407,5,0,20
7408,5,0,20
7409,5,0,20
7410,5,0,20
7411,5,0,20
7412,5,0,20
7413,5,0,20
7414,5,0,20
7415,5,0,20
7416,5,0,20
7417,5,0,20
7418,5,0,20
7419,5,0,20
7420,5,0,20
7421,5,0,20
7422,5,0,20
7423,5,0,20
7424,5,0,20
7425,5,0,20
7426,5,0,20
7427,5,0,20
7428,5,0,20
7429,5,0,20
7430,5,0,20
7431,5,0,20
7432,5,0,20
7433,5,0,20
7434,5,0,20
7435,5,0,20
7436,5,0,20
7437,5,0,20
7438,5,0,20
7439,5,0,20
7440,5,0,20
7441,5,0,20
7442,5,0,20
7443,5,0,20
7444,5,0,20
7445,5,0,20
7446,5,0,20
7447,5,0,20
7448,5,0,20
7449,5,0,20
7450,5,0,20
7451,5,0,20
7452,5,0,20
7453,5,0,20
7454,5,0,20
7455,5,0,20
7456,5,0,20
7457,5,0,20
7458,5,0,20
7459,5,0,20
7460,5,0,20
7461,5,0,20
7462,5,0,20
7463,5,0,20
7464,5,0,20
7465,5,0,20
7466,5,0,20
7467,5,0,20
7468,5,0,20
7469,5,0,20
7470,5,0,20
7471,5,0,20
7472,5,0,20
7473,5,0,20
7474,5,0,20
7475,5,0,20
7476,5,0,20
7477,5,0,20
7478,5,0,20
7479,5,0,20
7480,5,0,20
7481,5,0,20
7482,5,0,20
7483,5,0,20
7484,5,0,20
7485,5,0,20
7486,5,0,20
7487,5,0,20
7488,5,0,20
7489,5,0,20
7490,5,0,20
7491,5,0,20
7492,5,0,20
7493,5,0,20
7494,5,0,20
7495,5,0,20
7496,5,0,20
7497,5,0,20
7498,5,0,20
7499,5,0,20
7500,5,0,20
7501,5,0,20
7502,5,0,20
7503,5,0,20
7504,5,0,20
7505,5,0,20
7506,5,0,20
7507,5,0,20
7508,5,0,20
7509,5,0,20
7510,5,0,20
7511,5,0,20
7512,5,0,20
7513,5,0,20
7514,5,0,20
7515,5,0,20
7516,5,0,20
7517,5,0,20
7518,5,0,20
7519,5,0,20
7520,5,0,20
7521,5,0,20
7522,5,0,20
7523,5,0,20
7524,5,0,20
7525,5,0,20
7526,5,0,20
7527,5,0,20
7528,5,0,20
7529,5,0,20
7530,5,0,20
7531,5,0,20
7532,5,0,20
7533,5,0,20
7534,5,0,20
7535,5,0,20
7536,5,0,20
7537,5,0,20
7538,5,0,20
7539,5,0,20
7540,5,0,20
7541,5,0,20
7542,5,0,20
7543,5,0,20
7544,5,0,20
7545,5,0,20
7546,5,0,20
7547,5,0,20
7548,5,0,20
7549,5,0,20
7550,5,0,20
7551,5,0,20
7552,5,0,20
7553,5,0,20
7554,5,0,20
7555,5,0,20
7556,5,0,20
7557,5,0,20
7558,5,0,20
7559,5,0,20
7560,5,0,20
7561,5,0,20
7562,5,0,20
7563,5,0,20
7564,5,0,20
7565,5,0,20
7566,5,0,20
7567,5,0,20
7568,5,0,20
7569,5,0,20
7570,5,0,20
7571,5,0,20
7572,5,0,20
7573,5,0,20
7574,5,0,20
7575,5,0,20
7576,5,0,20
7577,5,0,20
7578,5,0,20
7579,5,0,20
7580,5,0,20
7581,5,0,20
7582,5,0,20
7583,5,0,20
7584,5,0,20
7585,5,0,20
7586,5,0,20
7587,5,0,20
7588,5,0,20
7589,5,0,20
7590,5,0,20
7591,5,0,20
7592,5,0,20
7593,5,0,20
7594,5,0,20
7595,5,0,20
7596,5,0,20
7597,5,0,20
7598,5,0,20
7599,5,0,20
7600,5,0,20
7601,5,0,20
7602,5,0,20
7603,5,0,20
7604,5,0,20
7605,5,0,20
7606,5,0,20
7607,5,0,20
7608,5,0,20
7609,5,0,20
7610,5,0,20
7611,5,0,20
7612,5,0,20
7613,5,0,20
7614,5,0,20
7615,5,0,20
7616,5,0,20
7617,5,0,20
7618,5,0,20
7619,5,0,20
7620,5,0,20
7621,5,0,20
7622,5,0,20
7623,5,0,20
7624,5,0,20
7625,5,0,20
7626,5,0,20
7627,5,0,20
7628,5,0,20
7629,5,0,20
7630,5,0,20
7631,5,0,20
7632,5,0,20
7633,5,0,20
7634,5,0,20
7635,5,0,20
7636,5,0,20
7637,5,0,20
7638,5,0,20
7639,5,0,20
7640,5,0,20
7641,5,0,20
7642,5,0,20
7643,5,0,20
7644,5,0,20
7645,5,0,20
7646,5,0,20
7647,5,0,20
7648,5,0,20
7649,5,0,20
7650,5,0,20
7651,5,0,20
7652,5,0,20
7653,5,0,20
7654,5,0,20
7655,5,0,20
7656,5,0,20
7657,5,0,20
7658,5,0,20
7659,5,0,20
7660,5,0,20
7661,5,0,20
7662,5,0,20
7663,5,0,20
7664,5,0,20
7665,5,0,20
7666,5,0,20
7667,5,0,20
7668,5,0,20
7669,5,0,20
7670,5,0,20
7671,5,0,20
7672,5,0,20
7673,5,0,20
7674,5,0,20
7675,5,0,20
7676,5,0,20
7677,5,0,20
7678,5,0,20
7679,5,0,20
7680,5,0,20
7681,5,0,20
7682,5,0,20
7683,5,0,20
7684,5,0,20
7685,5,0,20
7686,5,0,20
7687,5,0,20
7688,5,0,20
7689,5,0,20
7690,5,0,20
7691,5,0,20
7692,5,0,20
7693,5,0,20
7694,5,0,20
7695,5,0,20
7696,5,0,20
7697,5,0,20
7698,5,0,20
7699,5,0,20
7700,5,0,20
7701,5,0,20
7702,5,0,20
7703,5,0,20
7704,5,0,20
7705,5,0,20
7706,5,0,20
7707,5,0,20
7708,5,0,20
7709,5,0,20
7710,5,0,20
7711,5,0,20
7712,5,0,20
7713,5,0,20
7714,5,0,20
7715,5,0,20
7716,5,0,20
7717,5,0,20
7718,5,0,20
7719,5,0,20
7720,5,0,20
7721,5,0,20
7722,5,0,20
7723,5,0,20
7724,5,0,20
7725,5,0,20
7726,5,0,20
7727,5,0,20
7728,5,0,20
7729,5,0,20
7730,5,0,20
7731,5,0,20
7732,5,0,20
7733,5,0,20
7734,5,0,20
7735,5,0,20
7736,5,0,20
7737,5,0,20
7738,5,0,20
7739,5,0,20
7740,5,0,20
7741,5,0,20
7742,5,0,20
7743,5,0,20
7744,5,0,20
7745,5,0,20
7746,5,0,20
7747,5,0,20
7748,5,0,20
7749,5,0,20
7750,5,0,20
7751,5,0,20
7752,5,0,20
7753,5,0,20
7754,5,0,20
7755,5,0,20
7756,5,0,20
7757,5,0,20
7758,5,0,20
7759,5,0,20
7760,5,0,20
7761,5,0,20
7762,5,0,20
7763,5,0,20
7764,5,0,20
7765,5,0,20
7766,5,0,20
7767,5,0,20
7768,5,0,20
7769,5,0,20
7770,5,0,20
7771,5,0,20
7772,5,0,20
7773,5,0,20
7774,5,0,20
7775,5,0,20
7776,5,0,20
7777,5,0,20
7778,5,0,20
7779,5,0,20
7780,5,0,20
7781,5,0,20
7782,5,0,20
7783,5,0,20
7784,5,0,20
7785,5,0,20
7786,5,0,20
7787,5,0,20
7788,5,0,20
7789,5,0,20
7790,5,0,20
7791,5,0,20
7792,5,0,20
7793,5,0,20
7794,5,0,20
7795,5,0,20
7796,5,0,20
7797,5,0,20
7798,5,0,20
7799,5,0,20
7800,5,0,20
7801,5,0,20
7802,5,0,20
7803,5,0,20
7804,5,0,20
7805,5,0,20
7806,5,0,20
7807,5,0,20
7808,5,0,20
7809,5,0,20
7810,5,0,20
7811,5,0,20
7812,5,0,20
7813,5,0,20
7814,5,0,20
7815,5,0,20
7816,5,0,20
7817,5,0,20
7818,5,0,20
7819,5,0,20
7820,5,0,20
7821,5,0,20
7822,5,0,20
7823,5,0,20
7824,5,0,20
7825,5,0,20
7826,5,0,20
7827,5,0,20
7828,5,0,20
7829,5,0,20
7830,5,0,20
7831,5,0,20
7832,5,0,20
7833,5,0,20
7834,5,0,20
7835,5,0,20
7836,5,0,20
7837,5,0,20
7838,5,0,20
7839,5,0,20
7840,5,0,20
7841,5,0,20
7842,5,0,20
7843,5,0,20
7844,5,0,20
7845,5,0,20
7846,5,0,20
7847,5,0,20
7848,5,0,20
7849,5,0,20
7850,5,0,20
7851,5,0,20
7852,5,0,20
7853,5,0,20
7854,5,0,20
7855,5,0,20
7856,5,0,20
7857,5,0,20
7858,5,0,20
7859,5,0,20
7860,5,0,20
7861,5,0,20
7862,5,0,20
7863,5,0,20
7864,5,0,20
7865,5,0,20
7866,5,0,20
7867,5,0,20
7868,5,0,20
7869,5,0,20
7870,5,0,20
7871,5,0,20
7872,5,0,20
7873,5,0,20
7874,5,0,20
7875,5,0,20
7876,5,0,20
7877,5,0,20
7878,5,0,20
7879,5,0,20
7880,5,0,20
7881,5,0,20
7882,5,0,20
7883,5,0,20
7884,5,0,20
7885,5,0,20
7886,5,0,20
7887,5,0,20
7888,5,0,20
7889,5,0,20
7890,5,0,20
7891,5,0,20
7892,5,0,20
7893,5,0,20
7894,5,0,20
7895,5,0,20
7896,5,0,20
7897,5,0,20
7898,5,0,20
7899,5,0,20
7900,5,0,20
7901,5,0,20
7902,5,0,20
7903,5,0,20
7904,5,0,20
7905,5,0,20
7906,5,0,20
7907,5,0,20
7908,5,0,20
7909,5,0,20
7910,5,0,20
7911,5,0,20
7912,5,0,20
7913,5,0,20
7914,5,0,20
7915,5,0,20
7916,5,0,20
7917,5,0,20
7918,5,0,20
7919,5,0,20
7920,5,0,20
7921,5,0,20
7922,5,0,20
7923,5,0,20
7924,5,0,20
7925,5,0,20
7926,5,0,20
7927,5,0,20
7928,5,0,20
7929,5,0,20
7930,5,0,20
7931,5,0,20
7932,5,0,20
7933,5,0,20
7934,5,0,20
7935,5,0,20
7936,5,0,20
7937,5,0,20
7938,5,0,20
7939,5,0,20
7940,5,0,20
7941,5,0,20
7942,5,0,20
7943,5,0,20
7944,5,0,20
7945,5,0,20
7946,5,0,20
7947,5,0,20
7948,5,0,20
7949,5,0,20
7950,5,0,20
7951,5,0,20
7952,5,0,20
7953,5,0,20
7954,5,0,20
7955,5,0,20
7956,5,0,20
7957,5,0,20
7958,5,0,20
7959,5,0,20
7960,5,0,20
7961,5,0,20
7962,5,0,20
7963,5,0,20
7964,5,0,20
7965,5,0,20
7966,5,0,20
7967,5,0,20
7968,5,0,20
7969,5,0,20
7970,5,0,20
7971,5,0,20
7972,5,0,20
7973,5,0,20
7974,5,0,20
7975,5,0,20
7976,5,0,20
7977,5,0,20
7978,5,0,20
7979,5,0,20
7980,5,0,20
7981,5,0,20
7982,5,0,20
7983,5,0,20
7984,5,0,20
7985,5,0,20
7986,5,0,20
7987,5,0,20
7988,5,0,20
7989,5,0,20
7990,5,0,20
7991,5,0,20
7992,5,0,20
7993,5,0,20
7994,5,0,20
7995,5,0,20
7996,5,0,20
7997,5,0,20
7998,5,0,20
7999,5,0,20
8000,5,0,20
8001,5,0,20
8002,5,0,20
8003,5,0,20
8004,5,0,20
8005,5,0,20
8006,5,0,20
8007,5,0,20
8008,5,0,20
8009,5,0,20
8010,5,0,20
8011,5,0,20
8012,5,0,20
8013,5,0,20
8014,5,0,20
8015,5,0,20
8016,5,0,20
8017,5,0,20
8018,5,0,20
8019,5,0,20
8020,5,0,20
8021,5,0,20
8022,5,0,20
8023,5,0,20
8024,5,0,20
8025,5,0,20
8026,5,0,20
8027,5,0,20
8028,5,0,20
8029,5,0,20
8030,5,0,20
8031,5,0,20
8032,5,0,20
8033,5,0,20
8034,5,0,20
8035,5,0,20
8036,5,0,20
8037,5,0,20
8038,5,0,20
8039,5,0,20
8040,5,0,20
8041,5,0,20
8042,5,0,20
8043,5,0,20
8044,5,0,20
8045,5,0,20
8046,5,0,20
8047,5,0,20
8048,5,0,20
8049,5,0,20
8050,5,0,20
8051,5,0,20
8052,5,0,20
8053,5,0,20
8054,5,0,20
8055,5,0,20
8056,5,0,20
8057,5,0,20
8058,5,0,20
8059,5,0,20
8060,5,0,20
8061,5,0,20
8062,5,0,20
8063,5,0,20
8064,5,0,20
8065,5,0,20
8066,5,0,20
8067,5,0,20
8068,5,0,20
8069,5,0,20
8070,5,0,20
8071,5,0,20
8072,5,0,20
8073,5,0,20
8074,5,0,20
8075,5,0,20
8076,5,0,20
8077,5,0,20
8078,5,0,20
8079,5,0,20
8080,5,0,20
8081,5,0,20
8082,5,0,20
8083,5,0,20
8084,5,0,20
8085,5,0,20
8086,5,0,20
8087,5,0,20
8088,5,0,20
8089,5,0,20
8090,5,0,20
8091,5,0,20
8092,5,0,20
8093,5,0,20
8094,5,0,20
8095,5,0,20
8096,5,0,20
8097,5,0,20
8098,5,0,20
8099,5,0,20
8100,5,0,20
8101,5,0,20
8102,5,0,20
8103,5,0,20
8104,5,0,20
8105,5,0,20
8106,5,0,20
8107,5,0,20
8108,5,0,20
8109,5,0,20
8110,5,0,20
8111,5,0,20
8112,5,0,20
8113,5,0,20
8114,5,0,20
8115,5,0,20
8116,5,0,20
8117,5,0,20
8118,5,0,20
8119,5,0,20
8120,5,0,20
8121,5,0,20
8122,5,0,20
8123,5,0,20
8124,5,0,20
8125,5,0,20
8126,5,0,20
8127,5,0,20
8128,5,0,20
8129,5,0,20
8130,5,0,20
8131,5,0,20
8132,5,0,20
8133,5,0,20
8134,5,0,20
8135,5,0,20
8136,5,0,20
8137,5,0,20
8138,5,0,20
8139,5,0,20
8140,5,0,20
8141,5,0,20
8142,5,0,20
8143,5,0,20
8144,5,0,20
8145,5,0,20
8146,5,0,20
8147,5,0,20
8148,5,0,20
8149,5,0,20
8150,5,0,20
8151,5,0,20
8152,5,0,20
8153,5,0,20
8154,5,0,20
8155,5,0,20
8156,5,0,20
8157,5,0,20
8158,5,0,20
8159,5,0,20
8160,5,0,20
8161,5,0,20
8162,5,0,20
8163,5,0,20
8164,5,0,20
8165,5,0,20
8166,5,0,20
8167,5,0,20
8168,5,0,20
8169,5,0,20
8170,5,0,20
8171,5,0,20
8172,5,0,20
8173,5,0,20
8174,5,0,20
8175,5,0,20
8176,5,0,20
8177,5,0,20
8178,5,0,20
8179,5,0,20
8180,5,0,20
8181,5,0,20
8182,5,0,20
8183,5,0,20
8184,5,0,20
8185,5,0,20
8186,5,0,20
8187,5,0,20
8188,5,0,20
8189,5,0,20
8190,5,0,20
8191,5,0,20
8192,5,0,20
8193,5,0,20
8194,5,0,20
8195,5,0,20
8196,5,0,20
8197,5,0,20
8198,5,0,20
8199,5,0,20
8200,5,0,20
8201,5,0,20
8202,5,0,20
8203,5,0,20
8204,5,0,20
8205,5,0,20
8206,5,0,20
8207,5,0,20
8208,5,0,20
8209,5,0,20
8210,5,0,20
8211,5,0,20
8212,5,0,20
8213,5,0,20
8214,5,0,20
8215,5,0,20
8216,5,0,20
8217,5,0,20
8218,5,0,20
8219,5,0,20
8220,5,0,20
8221,5,0,20
8222,5,0,20
8223,5,0,20
8224,5,0,20
8225,5,0,20
8226,5,0,20
8227,5,0,20
8228,5,0,20
8229,5,0,20
8230,5,0,20
8231,5,0,20
8232,5,0,20
8233,5,0,20
8234,5,0,20
8235,5,0,20
8236,5,0,20
8237,5,0,20
8238,5,0,20
8239,5,0,20
8240,5,0,20
8241,5,0,20
8242,5,0,20
8243,5,0,20
8244,5,0,20
8245,5,0,20
8246,5,0,20
8247,5,0,20
8248,5,0,20
8249,5,0,20
8250,5,0,20
8251,5,0,20
8252,5,0,20
8253,5,0,20
8254,5,0,20
8255,5,0,20
8256,5,0,20
8257,5,0,20
8258,5,0,20
8259,5,0,20
8260,5,0,20
8261,5,0,20
8262,5,0,20
8263,5,0,20
8264,5,0,20
8265,5,0,20
8266,5,0,20
8267,5,0,20
8268,5,0,20
8269,5,0,20
8270,5,0,20
8271,5,0,20
8272,5,0,20
8273,5,0,20
8274,5,0,20
8275,5,0,20
8276,5,0,20
8277,5,0,20
8278,5,0,20
8279,5,0,20
8280,5,0,20
8281,5,0,20
8282,5,0,20
8283,5,0,20
8284,5,0,20
8285,5,0,20
8286,5,0,20
8287,5,0,20
8288,5,0,20
8289,5,0,20
8290,5,0,20
8291,5,0,20
8292,5,0,20
8293,5,0,20
8294,5,0,20
8295,5,0,20
8296,5,0,20
8297,5,0,20
8298,5,0,20
8299,5,0,20
8300,5,0,20
8301,5,0,20
8302,5,0,20
8303,5,0,20
8304,5,0,20
8305,5,0,20
8306,5,0,20
8307,5,0,20
8308,5,0,20
8309,5,0,20
8310,5,0,20
8311,5,0,20
8312,5,0,20
8313,5,0,20
8314,5,0,20
8315,5,0,20
8316,5,0,20
8317,5,0,20
8318,5,0,20
8319,5,0,20
8320,5,0,20
8321,5,0,20
8322,5,0,20
8323,5,0,20
8324,5,0,20
8325,5,0,20
8326,5,0,20
8327,5,0,20
8328,5,0,20
8329,5,0,20
8330,5,0,20
8331,5,0,20
8332,5,0,20
8333,5,0,20
8334,5,0,20
8335,5,0,20
8336,5,0,20
8337,5,0,20
8338,5,0,20
8339,5,0,20
8340,5,0,20
8341,5,0,20
8342,5,0,20
8343,5,0,20
8344,5,0,20
8345,5,0,20
8346,5,0,20
8347,5,0,20
8348,5,0,20
8349,5,0,20
8350,5,0,20
8351,5,0,20
8352,5,0,20
8353,5,0,20
8354,5,0,20
8355,5,0,20
8356,5,0,20
8357,5,0,20
8358,5,0,20
8359,5,0,20
8360,5,0,20
8361,5,0,20
8362,5,0,20
8363,5,0,20
8364,5,0,20
8365,5,0,20
8366,5,0,20
8367,5,0,20
8368,5,0,20
8369,5,0,20
8370,5,0,20
8371,5,0,20
8372,5,0,20
8373,5,0,20
8374,5,0,20
8375,5,0,20
8376,5,0,20
8377,5,0,20
8378,5,0,20
8379,5,0,20
8380,5,0,20
8381,5,0,20
8382,5,0,20
8383,5,0,20
8384,5,0,20
8385,5,0,20
8386,5,0,20
8387,5,0,20
8388,5,0,20
8389,5,0,20
8390,5,0,20
8391,5,0,20
8392,5,0,20
8393,5,0,20
8394,5,0,20
8395,5,0,20
8396,5,0,20
8397,5,0,20
8398,5,0,20
8399,5,0,20
8400,5,0,20
8401,5,0,20
8402,5,0,20
8403,5,0,20
8404,5,0,20
8405,5,0,20
8406,5,0,20
8407,5,0,20
8408,5,0,20
8409,5,0,20
8410,5,0,20
8411,5,0,20
8412,5,0,20
8413,5,0,20
8414,5,0,20
8415,5,0,20
8416,5,0,20
8417,5,0,20
8418,5,0,20
8419,5,0,20
8420,5,0,20
8421,5,0,20
8422,5,0,20
8423,5,0,20
8424,5,0,20
8425,5,0,20
8426,5,0,20
8427,5,0,20
8428,5,0,20
8429,5,0,20
8430,5,0,20
8431,5,0,20
8432,5,0,20
8433,5,0,20
8434,5,0,20
8435,5,0,20
8436,5,0,20
8437,5,0,20
8438,5,0,20
8439,5,0,20
8440,5,0,20
8441,5,0,20
8442,5,0,20
8443,5,0,20
8444,5,0,20
8445,5,0,20
8446,5,0,20
8447,5,0,20
8448,5,0,20
8449,5,0,20
8450,5,0,20
8451,5,0,20
8452,5,0,20
8453,5,0,20
8454,5,0,20
8455,5,0,20
8456,5,0,20
8457,5,0,20
8458,5,0,20
8459,5,0,20
8460,5,0,20
8461,5,0,20
8462,5,0,20
8463,5,0,20
8464,5,0,20
8465,5,0,20
8466,5,0,20
8467,5,0,20
8468,5,0,20
8469,5,0,20
8470,5,0,20
8471,5,0,20
8472,5,0,20
8473,5,0,20
8474,5,0,20
8475,5,0,20
8476,5,0,20
8477,5,0,20
8478,5,0,20
8479,5,0,20
8480,5,0,20
8481,5,0,20
8482,5,0,20
8483,5,0,20
8484,5,0,20
8485,5,0,20
8486,5,0,20
8487,5,0,20
8488,5,0,20
8489,5,0,20
8490,5,0,20
8491,5,0,20
8492,5,0,20
8493,5,0,20
8494,5,0,20
8495,5,0,20
8496,5,0,20
8497,5,0,20
8498,5,0,20
8499,5,0,20
8500,5,0,20
8501,5,0,20
8502,5,0,20
8503,5,0,20
8504,5,0,20
8505,5,0,20
8506,5,0,20
8507,5,0,20
8508,5,0,20
8509,5,0,20
8510,5,0,20
8511,5,0,20
8512,5,0,20
8513,5,0,20
8514,5,0,20
8515,5,0,20
8516,5,0,20
8517,5,0,20
8518,5,0,20
8519,5,0,20
8520,5,0,20
8521,5,0,20
8522,5,0,20
8523,5,0,20
8524,5,0,20
8525,5,0,20
8526,5,0,20
8527,5,0,20
8528,5,0,20
8529,5,0,20
8530,5,0,20
8531,5,0,20
8532,5,0,20
8533,5,0,20
8534,5,0,20
8535,5,0,20
8536,5,0,20
8537,5,0,20
8538,5,0,20
8539,5,0,20
8540,5,0,20
8541,5,0,20
8542,5,0,20
8543,5,0,20
8544,5,0,20
8545,5,0,20
8546,5,0,20
8547,5,0,20
8548,5,0,20
8549,5,0,20
8550,5,0,20
8551,5,0,20
8552,5,0,20
8553,5,0,20
8554,5,0,20
8555,5,0,20
8556,5,0,20
8557,5,0,20
8558,5,0,20
8559,5,0,20
8560,5,0,20
8561,5,0,20
8562,5,0,20
8563,5,0,20
8564,5,0,20
8565,5,0,20
8566,5,0,20
8567,5,0,20
8568,5,0,20
8569,5,0,20
8570,5,0,20
8571,5,0,20
8572,5,0,20
8573,5,0,20
8574,5,0,20
8575,5,0,20
8576,5,0,20
8577,5,0,20
8578,5,0,20
8579,5,0,20
8580,5,0,20
8581,5,0,20
8582,5,0,20
8583,5,0,20
8584,5,0,20
8585,5,0,20
8586,5,0,20
8587,5,0,20
8588,5,0,20
8589,5,0,20
8590,5,0,20
8591,5,0,20
8592,5,0,20
8593,5,0,20
8594,5,0,20
8595,5,0,20
8596,5,0,20
8597,5,0,20
8598,5,0,20
8599,5,0,20
8600,5,0,20
8601,5,0,20
8602,5,0,20
8603,5,0,20
8604,5,0,20
8605,5,0,20
8606,5,0,20
8607,5,0,20
8608,5,0,20
8609,5,0,20
8610,5,0,20
8611,5,0,20
8612,5,0,20
8613,5,0,20
8614,5,0,20
8615,5,0,20
8616,5,0,20
8617,5,0,20
8618,5,0,20
8619,5,0,20
8620,5,0,20
8621,5,0,20
8622,5,0,20
8623,5,0,20
8624,5,0,20
8625,5,0,20
8626,5,0,20
8627,5,0,20
8628,5,0,20
8629,5,0,20
8630,5,0,20
8631,5,0,20
8632,5,0,20
8633,5,0,20
8634,5,0,20
8635,5,0,20
8636,5,0,20
8637,5,0,20
8638,5,0,20
8639,5,0,20
8640,5,0,20
8641,5,0,20
8642,5,0,20
8643,5,0,20
8644,5,0,20
8645,5,0,20
8646,5,0,20
8647,5,0,20
8648,5,0,20
8649,5,0,20
8650,5,0,20
8651,5,0,20
8652,5,0,20
8653,5,0,20
8654,5,0,20
8655,5,0,20
8656,5,0,20
8657,5,0,20
8658,5,0,20
8659,5,0,20
8660,5,0,20
8661,5,0,20
8662,5,0,20
8663,5,0,20
8664,5,0,20
8665,5,0,20
8666,5,0,20
8667,5,0,20
8668,5,0,20
8669,5,0,20
8670,5,0,20
8671,5,0,20
8672,5,0,20
8673,5,0,20
8674,5,0,20
8675,5,0,20
8676,5,0,20
8677,5,0,20
8678,5,0,20
8679,5,0,20
8680,5,0,20
8681,5,0,20
8682,5,0,20
8683,5,0,20
8684,5,0,20
8685,5,0,20
8686,5,0,20
8687,5,0,20
8688,5,0,20
8689,5,0,20
8690,5,0,20
8691,5,0,20
8692,5,0,20
8693,5,0,20
8694,5,0,20
8695,5,0,20
8696,5,0,20
8697,5,0,20
8698,5,0,20
8699,5,0,20
8700,5,0,20
8701,5,0,20
8702,5,0,20
8703,5,0,20
8704,5,0,20
8705,5,0,20
8706,5,0,20
8707,5,0,20
8708,5,0,20
8709,5,0,20
8710,5,0,20
8711,5,0,20
8712,5,0,20
8713,5,0,20
8714,5,0,20
8715,5,0,20
8716,5,0,20
8717,5,0,20
8718,5,0,20
8719,5,0,20
8720,5,0,20
8721,5,0,20
8722,5,0,20
8723,5,0,20
8724,5,0,20
8725,5,0,20
8726,5,0,20
8727,5,0,20
8728,5,0,20
8729,5,0,20
8730,5,0,20
8731,5,0,20
8732,5,0,20
8733,5,0,20
8734,5,0,20
8735,5,0,20
8736,5,0,20
8737,5,0,20
8738,5,0,20
8739,5,0,20
8740,5,0,20
8741,5,0,20
8742,5,0,20
8743,5,0,20
8744,5,0,20
8745,5,0,20
8746,5,0,20
8747,5,0,20
8748,5,0,20
8749,5,0,20
8750,5,0,20
8751,5,0,20
8752,5,0,20
8753,5,0,20
8754,5,0,20
8755,5,0,20
8756,5,0,20
8757,5,0,20
8758,5,0,20
8759,5,0,20
8760,5,0,20
8761,5,0,20
8762,5,0,20
8763,5,0,20
8764,5,0,20
8765,5,0,20
8766,5,0,20
8767,5,0,20
8768,5,0,20
8769,5,0,20
8770,5,0,20
8771,5,0,20
8772,5,0,20
8773,5,0,20
8774,5,0,20
8775,5,0,20
8776,5,0,20
8777,5,0,20
8778,5,0,20
8779,5,0,20
8780,5,0,20
8781,5,0,20
8782,5,0,20
8783,5,0,20
8784,5,0,20
8785,5,0,20
8786,5,0,20
8787,5,0,20
8788,5,0,20
8789,5,0,20
8790,5,0,20
8791,5,0,20
8792,5,0,20
8793,5,0,20
8794,5,0,20
8795,5,0,20
8796,5,0,20
8797,5,0,20
8798,5,0,20
8799,5,0,20
8800,5,0,20
8801,5,0,20
8802,5,0,20
8803,5,0,20
8804,5,0,20
8805,5,0,20
8806,5,0,20
8807,5,0,20
8808,5,0,20
8809,5,0,20
8810,5,0,20
8811,5,0,20
8812,5,0,20
8813,5,0,20
8814,5,0,20
8815,5,0,20
8816,5,0,20
8817,5,0,20
8818,5,0,20
8819,5,0,20
8820,5,0,20
8821,5,0,20
8822,5,0,20
8823,5,0,20
8824,5,0,20
8825,5,0,20
8826,5,0,20
8827,5,0,20
8828,5,0,20
8829,5,0,20
8830,5,0,20
8831,5,0,20
8832,5,0,20
8833,5,0,20
8834,5,0,20
8835,5,0,20
8836,5,0,20
8837,5,0,20
8838,5,0,20
8839,5,0,20
8840,5,0,20
8841,5,0,20
8842,5,0,20
8843,5,0,20
8844,5,0,20
8845,5,0,20
8846,5,0,20
8847,5,0,20
8848,5,0,20
8849,5,0,20
8850,5,0,20
8851,5,0,20
8852,5,0,20
8853,5,0,20
8854,5,0,20
8855,5,0,20
8856,5,0,20
8857,5,0,20
8858,5,0,20
8859,5,0,20
8860,5,0,20
8861,5,0,20
8862,5,0,20
8863,5,0,20
8864,5,0,20
8865,5,0,20
8866,5,0,20
8867,5,0,20
8868,5,0,20
8869,5,0,20
8870,5,0,20
8871,5,0,20
8872,5,0,20
8873,5,0,20
8874,5,0,20
8875,5,0,20
8876,5,0,20
8877,5,0,20
8878,5,0,20
8879,5,0,20
8880,5,0,20
8881,5,0,20
8882,5,0,20
8883,5,0,20
8884,5,0,20
8885,5,0,20
8886,5,0,20
8887,5,0,20
8888,5,0,20
8889,5,0,20
8890,5,0,20
8891,5,0,20
8892,5,0,20
8893,5,0,20
8894,5,0,20
8895,5,0,20
8896,5,0,20
8897,5,0,20
8898,5,0,20
8899,5,0,20
8900,5,0,20
8901,5,0,20
8902,5,0,20
8903,5,0,20
8904,5,0,20
8905,5,0,20
8906,5,0,20
8907,5,0,20
8908,5,0,20
8909,5,0,20
8910,5,0,20
8911,5,0,20
8912,5,0,20
8913,5,0,20
8914,5,0,20
8915,5,0,20
8916,5,0,20
8917,5,0,20
8918,5,0,20
8919,5,0,20
8920,5,0,20
8921,5,0,20
8922,5,0,20
8923,5,0,20
8924,5,0,20
8925,5,0,20
8926,5,0,20
8927,5,0,20
8928,5,0,20
8929,5,0,20
8930,5,0,20
8931,5,0,20
8932,5,0,20
8933,5,0,20
8934,5,0,20
8935,5,0,20
8936,5,0,20
8937,5,0,20
8938,5,0,20
8939,5,0,20
8940,5,0,20
8941,5,0,20
8942,5,0,20
8943,5,0,20
8944,5,0,20
8945,5,0,20
8946,5,0,20
8947,5,0,20
8948,5,0,20
8949,5,0,20
8950,5,0,20
8951,5,0,20
8952,5,0,20
8953,5,0,20
8954,5,0,20
8955,5,0,20
8956,5,0,20
8957,5,0,20
8958,5,0,20
8959,5,0,20
8960,5,0,20
8961,5,0,20
8962,5,0,20
8963,5,0,20
8964,5,0,20
8965,5,0,20
8966,5,0,20
8967,5,0,20
8968,5,0,20
8969,5,0,20
8970,5,0,20
8971,5,0,20
8972,5,0,20
8973,5,0,20
8974,5,0,20
8975,5,0,20
8976,5,0,20
8977,5,0,20
8978,5,0,20
8979,5,0,20
8980,5,0,20
8981,5,0,20
8982,5,0,20
8983,5,0,20
8984,5,0,20
8985,5,0,20
8986,5,0,20
8987,5,0,20
8988,5,0,20
8989,5,0,20
8990,5,0,20
8991,5,0,20
8992,5,0,20
8993,5,0,20
8994,5,0,20
8995,5,0,20
8996,5,0,20
8997,5,0,20
8998,5,0,20
8999,5,0,20
9000,5,0,20
9001,5,0,20
9002,5,0,20
9003,5,0,20
9004,5,0,20
9005,5,0,20
9006,5,0,20
9007,5,0,20
9008,5,0,20
9009,5,0,20
9010,5,0,20
9011,5,0,20
9012,5,0,20
9013,5,0,20
9014,5,0,20
9015,5,0,20
9016,5,0,20
9017,5,0,20
9018,5,0,20
9019,5,0,20
9020,5,0,20
9021,5,0,20
9022,5,0,20
9023,5,0,20
9024,5,0,20
9025,5,0,20
9026,5,0,20
9027,5,0,20
9028,5,0,20
9029,5,0,20
9030,5,0,20
9031,5,0,20
9032,5,0,20
9033,5,0,20
9034,5,0,20
9035,5,0,20
9036,5,0,20
9037,5,0,20
9038,5,0,20
9039,5,0,20
9040,5,0,20
9041,5,0,20
9042,5,0,20
9043,5,0,20
9044,5,0,20
9045,5,0,20
9046,5,0,20
9047,5,0,20
9048,5,0,20
9049,5,0,20
9050,5,0,20
9051,5,0,20
9052,5,0,20
9053,5,0,20
9054,5,0,20
9055,5,0,20
9056,5,0,20
9057,5,0,20
9058,5,0,20
9059,5,0,20
9060,5,0,20
9061,5,0,20
9062,5,0,20
9063,5,0,20
9064,5,0,20
9065,5,0,20
9066,5,0,20
9067,5,0,20
9068,5,0,20
9069,5,0,20
9070,5,0,20
9071,5,0,20
9072,5,0,20
9073,5,0,20
9074,5,0,20
9075,5,0,20
9076,5,0,20
9077,5,0,20
9078,5,0,20
9079,5,0,20
9080,5,0,20
9081,5,0,20
9082,5,0,20
9083,5,0,20
9084,5,0,20
9085,5,0,20
9086,5,0,20
9087,5,0,20
9088,5,0,20
9089,5,0,20
9090,5,0,20
9091,5,0,20
9092,5,0,20
9093,5,0,20
9094,5,0,20
9095,5,0,20
9096,5,0,20
9097,5,0,20
9098,5,0,20
9099,5,0,20
9100,5,0,20
9101,5,0,20
9102,5,0,20
9103,5,0,20
9104,5,0,20
9105,5,0,20
9106,5,0,20
9107,5,0,20
9108,5,0,20
9109,5,0,20
9110,5,0,20
9111,5,0,20
9112,5,0,20
9113,5,0,20
9114,5,0,20
9115,5,0,20
9116,5,0,20
9117,5,0,20
9118,5,0,20
9119,5,0,20
9120,5,0,20
9121,5,0,20
9122,5,0,20
9123,5,0,20
9124,5,0,20
9125,5,0,20
9126,5,0,20
9127,5,0,20
9128,5,0,20
9129,5,0,20
9130,5,0,20
9131,5,0,20
9132,5,0,20
9133,5,0,20
9134,5,0,20
9135,5,0,20
9136,5,0,20
9137,5,0,20
9138,5,0,20
9139,5,0,20
9140,5,0,20
9141,5,0,20
9142,5,0,20
9143,5,0,20
9144,5,0,20
9145,5,0,20
9146,5,0,20
9147,5,0,20
9148,5,0,20
9149,5,0,20
9150,5,0,20
9151,5,0,20
9152,5,0,20
9153,5,0,20
9154,5,0,20
9155,5,0,20
9156,5,0,20
9157,5,0,20
9158,5,0,20
9159,5,0,20
9160,5,0,20
9161,5,0,20
9162,5,0,20
9163,5,0,20
9164,5,0,20
9165,5,0,20
9166,5,0,20
9167,5,0,20
9168,5,0,20
9169,5,0,20
9170,5,0,20
9171,5,0,20
9172,5,0,20
9173,5,0,20
9174,5,0,20
9175,5,0,20
9176,5,0,20
9177,5,0,20
9178,5,0,20
9179,5,0,20
9180,5,0,20
9181,5,0,20
9182,5,0,20
9183,5,0,20
9184,5,0,20
9185,5,0,20
9186,5,0,20
9187,5,0,20
9188,5,0,20
9189,5,0,20
9190,5,0,20
9191,5,0,20
9192,5,0,20
9193,5,0,20
9194,5,0,20
9195,5,0,20
9196,5,0,20
9197,5,0,20
9198,5,0,20
9199,5,0,20
9200,5,0,20
9201,5,0,20
9202,5,0,20
9203,5,0,20
9204,5,0,20
9205,5,0,20
9206,5,0,20
9207,5,0,20
9208,5,0,20
9209,5,0,20
9210,5,0,20
9211,5,0,20
9212,5,0,20
9213,5,0,20
9214,5,0,20
9215,5,0,20
9216,5,0,20
9217,5,0,20
9218,5,0,20
9219,5,0,20
9220,5,0,20
9221,5,0,20
9222,5,0,20
9223,5,0,20
9224,5,0,20
9225,5,0,20
9226,5,0,20
9227,5,0,20
9228,5,0,20
9229,5,0,20
9230,5,0,20
9231,5,0,20
9232,5,0,20
9233,5,0,20
9234,5,0,20
9235,5,0,20
9236,5,0,20
9237,5,0,20
9238,5,0,20
9239,5,0,20
9240,5,0,20
9241,5,0,20
9242,5,0,20
9243,5,0,20
9244,5,0,20
9245,5,0,20
9246,5,0,20
9247,5,0,20
9248,5,0,20
9249,5,0,20
9250,5,0,20
9251,5,0,20
9252,5,0,20
9253,5,0,20
9254,5,0,20
9255,5,0,20
9256,5,0,20
9257,5,0,20
9258,5,0,20
9259,5,0,20
9260,5,0,20
9261,5,0,20
9262,5,0,20
9263,5,0,20
9264,5,0,20
9265,5,0,20
9266,5,0,20
9267,5,0,20
9268,5,0,20
9269,5,0,20
9270,5,0,20
9271,5,0,20
9272,5,0,20
9273,5,0,20
9274,5,0,20
9275,5,0,20
9276,5,0,20
9277,5,0,20
9278,5,0,20
9279,5,0,20
9280,5,0,20
9281,5,0,20
9282,5,0,20
9283,5,0,20
9284,5,0,20
9285,5,0,20
9286,5,0,20
9287,5,0,20
9288,5,0,20
9289,5,0,20
9290,5,0,20
9291,5,0,20
9292,5,0,20
9293,5,0,20
9294,5,0,20
9295,5,0,20
9296,5,0,20
9297,5,0,20
9298,5,0,20
9299,5,0,20
9300,5,0,20
9301,5,0,20
9302,5,0,20
9303,5,0,20
9304,5,0,20
9305,5,0,20
9306,5,0,20
9307,5,0,20
9308,5,0,20
9309,5,0,20
9310,5,0,20
9311,5,0,20
9312,5,0,20
9313,5,0,20
9314,5,0,20
9315,5,0,20
9316,5,0,20
9317,5,0,20
9318,5,0,20
9319,5,0,20
9320,5,0,20
9321,5,0,20
9322,5,0,20
9323,5,0,20
9324,5,0,20
9325,5,0,20
9326,5,0,20
9327,5,0,20
9328,5,0,20
9329,5,0,20
9330,5,0,20
9331,5,0,20
9332,5,0,20
9333,5,0,20
9334,5,0,20
9335,5,0,20
9336,5,0,20
9337,5,0,20
9338,5,0,20
9339,5,0,20
9340,5,0,20
9341,5,0,20
9342,5,0,20
9343,5,0,20
9344,5,0,20
9345,5,0,20
9346,5,0,20
9347,5,0,20
9348,5,0,20
9349,5,0,20
9350,5,0,20
9351,5,0,20
9352,5,0,20
9353,5,0,20
9354,5,0,20
9355,5,0,20
9356,5,0,20
9357,5,0,20
9358,5,0,20
9359,5,0,20
9360,5,0,20
9361,5,0,20
9362,5,0,20
9363,5,0,20
9364,5,0,20
9365,5,0,20
9366,5,0,20
9367,5,0,20
9368,5,0,20
9369,5,0,20
9370,5,0,20
9371,5,0,20
9372,5,0,20
9373,5,0,20
9374,5,0,20
9375,5,0,20
9376,5,0,20
9377,5,0,20
9378,5,0,20
9379,5,0,20
9380,5,0,20
9381,5,0,20
9382,5,0,20
9383,5,0,20
9384,5,0,20
9385,5,0,20
9386,5,0,20
9387,5,0,20
9388,5,0,20
9389,5,0,20
9390,5,0,20
9391,5,0,20
9392,5,0,20
9393,5,0,20
9394,5,0,20
9395,5,0,20
9396,5,0,20
9397,5,0,20
9398,5,0,20
9399,5,0,20
9400,5,0,20
9401,5,0,20
9402,5,0,20
9403,5,0,20
9404,5,0,20
9405,5,0,20
9406,5,0,20
9407,5,0,20
9408,5,0,20
9409,5,0,20
9410,5,0,20
9411,5,0,20
9412,5,0,20
9413,5,0,20
9414,5,0,20
9415,5,0,20
9416,5,0,20
9417,5,0,20
9418,5,0,20
9419,5,0,20
9420,5,0,20
9421,5,0,20
9422,5,0,20
9423,5,0,20
9424,5,0,20
9425,5,0,20
9426,5,0,20
9427,5,0,20
9428,5,0,20
9429,5,0,20
9430,5,0,20
9431,5,0,20
9432,5,0,20
9433,5,0,20
9434,5,0,20
9435,5,0,20
9436,5,0,20
9437,5,0,20
9438,5,0,20
9439,5,0,20
9440,5,0,20
9441,5,0,20
9442,5,0,20
9443,5,0,20
9444,5,0,20
9445,5,0,20
9446,5,0,20
9447,5,0,20
9448,5,0,20
9449,5,0,20
9450,5,0,20
9451,5,0,20
9452,5,0,20
9453,5,0,20
9454,5,0,20
9455,5,0,20
9456,5,0,20
9457,5,0,20
9458,5,0,20
9459,5,0,20
9460,5,0,20
9461,5,0,20
9462,5,0,20
9463,5,0,20
9464,5,0,20
9465,5,0,20
9466,5,0,20
9467,5,0,20
9468,5,0,20
9469,5,0,20
9470,5,0,20
9471,5,0,20
9472,5,0,20
9473,5,0,20
9474,5,0,20
9475,5,0,20
9476,5,0,20
9477,5,0,20
9478,5,0,20
9479,5,0,20
9480,5,0,20
9481,5,0,20
9482,5,0,20
9483,5,0,20
9484,5,0,20
9485,5,0,20
9486,5,0,20
9487,5,0,20
9488,5,0,20
9489,5,0,20
9490,5,0,20
9491,5,0,20
9492,5,0,20
9493,5,0,20
9494,5,0,20
9495,5,0,20
9496,5,0,20
9497,5,0,20
9498,5,0,20
9499,5,0,20
9500,5,0,20
9501,5,0,20
9502,5,0,20
9503,5,0,20
9504,5,0,20
9505,5,0,20
9506,5,0,20
9507,5,0,20
9508,5,0,20
9509,5,0,20
9510,5,0,20
9511,5,0,20
9512,5,0,20
9513,5,0,20
9514,5,0,20
9515,5,0,20
9516,5,0,20
9517,5,0,20
9518,5,0,20
9519,5,0,20
9520,5,0,20
9521,5,0,20
9522,5,0,20
9523,5,0,20
9524,5,0,20
9525,5,0,20
9526,5,0,20
9527,5,0,20
9528,5,0,20
9529,5,0,20
9530,5,0,20
9531,5,0,20
9532,5,0,20
9533,5,0,20
9534,5,0,20
9535,5,0,20
9536,5,0,20
9537,5,0,20
9538,5,0,20
9539,5,0,20
9540,5,0,20
9541,5,0,20
9542,5,0,20
9543,5,0,20
9544,5,0,20
9545,5,0,20
9546,5,0,20
9547,5,0,20
9548,5,0,20
9549,5,0,20
9550,5,0,20
9551,5,0,20
9552,5,0,20
9553,5,0,20
9554,5,0,20
9555,5,0,20
9556,5,0,20
9557,5,0,20
9558,5,0,20
9559,5,0,20
9560,5,0,20
9561,5,0,20
9562,5,0,20
9563,5,0,20
9564,5,0,20
9565,5,0,20
9566,5,0,20
9567,5,0,20
9568,5,0,20
9569,5,0,20
9570,5,0,20
9571,5,0,20
9572,5,0,20
9573,5,0,20
9574,5,0,20
9575,5,0,20
9576,5,0,20
9577,5,0,20
9578,5,0,20
9579,5,0,20
9580,5,0,20
9581,5,0,20
9582,5,0,20
9583,5,0,20
9584,5,0,20
9585,5,0,20
9586,5,0,20
9587,5,0,20
9588,5,0,20
9589,5,0,20
9590,5,0,20
9591,5,0,20
9592,5,0,20
9593,5,0,20
9594,5,0,20
9595,5,0,20
9596,5,0,20
9597,5,0,20
9598,5,0,20
9599,5,0,20
9600,5,0,20
9601,5,0,20
9602,5,0,20
9603,5,0,20
9604,5,0,20
9605,5,0,20
9606,5,0,20
9607,5,0,20
9608,5,0,20
9609,5,0,20
9610,5,0,20
9611,5,0,20
9612,5,0,20
9613,5,0,20
9614,5,0,20
9615,5,0,20
9616,5,0,20
9617,5,0,20
9618,5,0,20
9619,5,0,20
9620,5,0,20
9621,5,0,20
9622,5,0,20
9623,5,0,20
9624,5,0,20
9625,5,0,20
9626,5,0,20
9627,5,0,20
9628,5,0,20
9629,5,0,20
9630,5,0,20
9631,5,0,20
9632,5,0,20
9633,5,0,20
9634,5,0,20
9635,5,0,20
9636,5,0,20
9637,5,0,20
9638,5,0,20
9639,5,0,20
9640,5,0,20
9641,5,0,20
9642,5,0,20
9643,5,0,20
9644,5,0,20
9645,5,0,20
9646,5,0,20
9647,5,0,20
9648,5,0,20
9649,5,0,20
9650,5,0,20
9651,5,0,20
9652,5,0,20
9653,5,0,20
9654,5,0,20
9655,5,0,20
9656,5,0,20
9657,5,0,20
9658,5,0,20
9659,5,0,20
9660,5,0,20
9661,5,0,20
9662,5,0,20
9663,5,0,20
9664,5,0,20
9665,5,0,20
9666,5,0,20
9667,5,0,20
9668,5,0,20
9669,5,0,20
9670,5,0,20
9671,5,0,20
9672,5,0,20
9673,5,0,20
9674,5,0,20
9675,5,0,20
9676,5,0,20
9677,5,0,20
9678,5,0,20
9679,5,0,20
9680,5,0,20
9681,5,0,20
9682,5,0,20
9683,5,0,20
9684,5,0,20
9685,5,0,20
9686,5,0,20
9687,5,0,20
9688,5,0,20
9689,5,0,20
9690,5,0,20
9691,5,0,20
9692,5,0,20
9693,5,0,20
9694,5,0,20
9695,5,0,20
9696,5,0,20
9697,5,0,20
9698,5,0,20
9699,5,0,20
9700,5,0,20
9701,5,0,20
9702,5,0,20
9703,5,0,20
9704,5,0,20
9705,5,0,20
9706,5,0,20
9707,5,0,20
9708,5,0,20
9709,5,0,20
9710,5,0,20
9711,5,0,20
9712,5,0,20
9713,5,0,20
9714,5,0,20
9715,5,0,20
9716,5,0,20
9717,5,0,20
9718,5,0,20
9719,5,0,20
9720,5,0,20
9721,5,0,20
9722,5,0,20
9723,5,0,20
9724,5,0,20
9725,5,0,20
9726,5,0,20
9727,5,0,20
9728,5,0,20
9729,5,0,20
9730,5,0,20
9731,5,0,20
9732,5,0,20
9733,5,0,20
9734,5,0,20
9735,5,0,20
9736,5,0,20
9737,5,0,20
9738,5,0,20
9739,5,0,20
9740,5,0,20
9741,5,0,20
9742,5,0,20
9743,5,0,20
9744,5,0,20
9745,5,0,20
9746,5,0,20
9747,5,0,20
9748,5,0,20
9749,5,0,20
9750,5,0,20
9751,5,0,20
9752,5,0,20
9753,5,0,20
9754,5,0,20
9755,5,0,20
9756,5,0,20
9757,5,0,20
9758,5,0,20
9759,5,0,20
9760,5,0,20
9761,5,0,20
9762,5,0,20
9763,5,0,20
9764,5,0,20
9765,5,0,20
9766,5,0,20
9767,5,0,20
9768,5,0,20
9769,5,0,20
9770,5,0,20
9771,5,0,20
9772,5,0,20
9773,5,0,20
9774,5,0,20
9775,5,0,20
9776,5,0,20
9777,5,0,20
9778,5,0,20
9779,5,0,20
9780,5,0,20
9781,5,0,20
9782,5,0,20
9783,5,0,20
9784,5,0,20
9785,5,0,20
9786,5,0,20
9787,5,0,20
9788,5,0,20
9789,5,0,20
9790,5,0,20
9791,5,0,20
9792,5,0,20
9793,5,0,20
9794,5,0,20
9795,5,0,20
9796,5,0,20
9797,5,0,20
9798,5,0,20
9799,5,0,20
9800,5,0,20
9801,5,0,20
9802,5,0,20
9803,5,0,20
9804,5,0,20
9805,5,0,20
9806,5,0,20
9807,5,0,20
9808,5,0,20
9809,5,0,20
9810,5,0,20
9811,5,0,20
9812,5,0,20
9813,5,0,20
9814,5,0,20
9815,5,0,20
9816,5,0,20
9817,5,0,20
9818,5,0,20
9819,5,0,20
9820,5,0,20
9821,5,0,20
9822,5,0,20
9823,5,0,20
9824,5,0,20
9825,5,0,20
9826,5,0,20
9827,5,0,20
9828,5,0,20
9829,5,0,20
9830,5,0,20
9831,5,0,20
9832,5,0,20
9833,5,0,20
9834,5,0,20
9835,5,0,20
9836,5,0,20
9837,5,0,20
9838,5,0,20
9839,5,0,20
9840,5,0,20
9841,5,0,20
9842,5,0,20
9843,5,0,20
9844,5,0,20
9845,5,0,20
9846,5,0,20
9847,5,0,20
9848,5,0,20
9849,5,0,20
9850,5,0,20
9851,5,0,20
9852,5,0,20
9853,5,0,20
9854,5,0,20
9855,5,0,20
9856,5,0,20
9857,5,0,20
9858,5,0,20
9859,5,0,20
9860,5,0,20
9861,5,0,20
9862,5,0,20
9863,5,0,20
9864,5,0,20
9865,5,0,20
9866,5,0,20
9867,5,0,20
9868,5,0,20
9869,5,0,20
9870,5,0,20
9871,5,0,20
9872,5,0,20
9873,5,0,20
9874,5,0,20
9875,5,0,20
9876,5,0,20
9877,5,0,20
9878,5,0,20
9879,5,0,20
9880,5,0,20
9881,5,0,20
9882,5,0,20
9883,5,0,20
9884,5,0,20
9885,5,0,20
9886,5,0,20
9887,5,0,20
9888,5,0,20
9889,5,0,20
9890,5,0,20
9891,5,0,20
9892,5,0,20
9893,5,0,20
9894,5,0,20
9895,5,0,20
9896,5,0,20
9897,5,0,20
9898,5,0,20
9899,5,0,20
9900,5,0,20
9901,5,0,20
9902,5,0,20
9903,5,0,20
9904,5,0,20
9905,5,0,20
9906,5,0,20
9907,5,0,20
9908,5,0,20
9909,5,0,20
9910,5,0,20
9911,5,0,20
9912,5,0,20
9913,5,0,20
9914,5,0,20
9915,5,0,20
9916,5,0,20
9917,5,0,20
9918,5,0,20
9919,5,0,20
9920,5,0,20
9921,5,0,20
9922,5,0,20
9923,5,0,20
9924,5,0,20
9925,5,0,20
9926,5,0,20
9927,5,0,20
9928,5,0,20
9929,5,0,20
9930,5,0,20
9931,5,0,20
9932,5,0,20
9933,5,0,20
9934,5,0,20
9935,5,0,20
9936,5,0,20
9937,5,0,20
9938,5,0,20
9939,5,0,20
9940,5,0,20
9941,5,0,20
9942,5,0,20
9943,5,0,20
9944,5,0,20
9945,5,0,20
9946,5,0,20
9947,5,0,20
9948,5,0,20
9949,5,0,20
9950,5,0,20
9951,5,0,20
9952,5,0,20
9953,5,0,20
9954,5,0,20
9955,5,0,20
9956,5,0,20
9957,5,0,20
9958,5,0,20
9959,5,0,20
9960,5,0,20
9961,5,0,20
9962,5,0,20
9963,5,0,20
9964,5,0,20
9965,5,0,20
9966,5,0,20
9967,5,0,20
9968,5,0,20
9969,5,0,20
9970,5,0,20
9971,5,0,20
9972,5,0,20
9973,5,0,20
9974,5,0,20
9975,5,0,20
9976,5,0,20
9977,5,0,20
9978,5,0,20
9979,5,0,20
9980,5,0,20
9981,5,0,20
9982,5,0,20
9983,5,0,20
9984,5,0,20
9985,5,0,20
9986,5,0,20
9987,5,0,20
9988,5,0,20
9989,5,0,20
9990,5,0,20
9991,5,0,20
9992,5,0,20
9993,5,0,20
9994,5,0,20
9995,5,0,20
9996,5,0,20
9997,5,0,20
9998,5,0,20
9999,5,0,20
10000,5,0,20
10001,5,0,20
10002,5,0,20
10003,5,0,20
10004,5,0,20
10005,5,0,20
10006,5,0,20
10007,5,0,20
10008,5,0,20
10009,5,0,20
10010,5,0,20
10011,5,0,20
10012,5,0,20
10013,5,0,20
10014,5,0,20
10015,5,0,20
10016,5,0,20
10017,5,0,20
10018,5,0,20
10019,5,0,20
10020,5,0,20
10021,5,0,20
10022,5,0,20
10023,5,0,20
10024,5,0,20
10025,5,0,20
10026,5,0,20
10027,5,0,20
10028,5,0,20
10029,5,0,20
10030,5,0,20
10031,5,0,20
10032,5,0,20
10033,5,0,20
10034,5,0,20
10035,5,0,20
10036,5,0,20
10037,5,0,20
10038,5,0,20
10039,5,0,20
10040,5,0,20
10041,5,0,20
10042,5,0,20
10043,5,0,20
10044,5,0,20
10045,5,0,20
10046,5,0,20
10047,5,0,20
10048,5,0,20
10049,5,0,20
10050,5,0,20
10051,5,0,20
10052,5,0,20
10053,5,0,20
10054,5,0,20
10055,5,0,20
10056,5,0,20
10057,5,0,20
10058,5,0,20
10059,5,0,20
10060,5,0,20
10061,5,0,20
10062,5,0,20
10063,5,0,20
10064,5,0,20
10065,5,0,20
10066,5,0,20
10067,5,0,20
10068,5,0,20
10069,5,0,20
10070,5,0,20
10071,5,0,20
10072,5,0,20
10073,5,0,20
10074,5,0,20
10075,5,0,20
10076,5,0,20
10077,5,0,20
10078,5,0,20
10079,5,0,20
10080,5,0,20
10081,5,0,20
10082,5,0,20
10083,5,0,20
10084,5,0,20
10085,5,0,20
10086,5,0,20
10087,5,0,20
10088,5,0,20
10089,5,0,20
10090,5,0,20
10091,5,0,20
10092,5,0,20
10093,5,0,20
10094,5,0,20
10095,5,0,20
10096,5,0,20
10097,5,0,20
10098,5,0,20
10099,5,0,20
10100,5,0,20
10101,5,0,20
10102,5,0,20
10103,5,0,20
10104,5,0,20
10105,5,0,20
10106,5,0,20
10107,5,0,20
10108,5,0,20
10109,5,0,20
10110,5,0,20
10111,5,0,20
10112,5,0,20
10113,5,0,20
10114,5,0,20
10115,5,0,20
10116,5,0,20
10117,5,0,20
10118,5,0,20
10119,5,0,20
10120,5,0,20
10121,5,0,20
10122,5,0,20
10123,5,0,20
10124,5,0,20
10125,5,0,20
10126,5,0,20
10127,5,0,20
10128,5,0,20
10129,5,0,20
10130,5,0,20
10131,5,0,20
10132,5,0,20
10133,5,0,20
10134,5,0,20
10135,5,0,20
10136,5,0,20
10137,5,0,20
10138,5,0,20
10139,5,0,20
10140,5,0,20
10141,5,0,20
10142,5,0,20
10143,5,0,20
10144,5,0,20
10145,5,0,20
10146,5,0,20
10147,5,0,20
10148,5,0,20
10149,5,0,20
10150,5,0,20
10151,5,0,20
10152,5,0,20
10153,5,0,20
10154,5,0,20
10155,5,0,20
10156,5,0,20
10157,5,0,20
10158,5,0,20
10159,5,0,20
10160,5,0,20
10161,5,0,20
10162,5,0,20
10163,5,0,20
10164,5,0,20
10165,5,0,20
10166,5,0,20
10167,5,0,20
10168,5,0,20
10169,5,0,20
10170,5,0,20
10171,5,0,20
10172,5,0,20
10173,5,0,20
10174,5,0,20
10175,5,0,20
10176,5,0,20
10177,5,0,20
10178,5,0,20
10179,5,0,20
10180,5,0,20
10181,5,0,20
10182,5,0,20
10183,5,0,20
10184,5,0,20
10185,5,0,20
10186,5,0,20
10187,5,0,20
10188,5,0,20
10189,5,0,20
10190,5,0,20
10191,5,0,20
10192,5,0,20
10193,5,0,20
10194,5,0,20
10195,5,0,20
10196,5,0,20
10197,5,0,20
10198,5,0,20
10199,5,0,20
10200,5,0,20
10201,5,0,20
10202,5,0,20
10203,5,0,20
10204,5,0,20
10205,5,0,20
10206,5,0,20
10207,5,0,20
10208,5,0,20
10209,5,0,20
10210,5,0,20
10211,5,0,20
10212,5,0,20
10213,5,0,20
10214,5,0,20
10215,5,0,20
10216,5,0,20
10217,5,0,20
10218,5,0,20
10219,5,0,20
10220,5,0,20
10221,5,0,20
10222,5,0,20
10223,5,0,20
10224,5,0,20
10225,5,0,20
10226,5,0,20
10227,5,0,20
10228,5,0,20
10229,5,0,20
10230,5,0,20
10231,5,0,20
10232,5,0,20
10233,5,0,20
10234,5,0,20
10235,5,0,20
10236,5,0,20
10237,5,0,20
10238,5,0,20
10239,5,0,20
10240,5,0,20
10241,5,0,20
10242,5,0,20
10243,5,0,20
10244,5,0,20
10245,5,0,20
10246,5,0,20
10247,5,0,20
10248,5,0,20
10249,5,0,20
10250,5,0,20
10251,5,0,20
10252,5,0,20
10253,5,0,20
10254,5,0,20
10255,5,0,20
10256,5,0,20
10257,5,0,20
10258,5,0,20
10259,5,0,20
10260,5,0,20
10261,5,0,20
10262,5,0,20
10263,5,0,20
10264,5,0,20
10265,5,0,20
10266,5,0,20
10267,5,0,20
10268,5,0,20
10269,5,0,20
10270,5,0,20
10271,5,0,20
10272,5,0,20
10273,5,0,20
10274,5,0,20
10275,5,0,20
10276,5,0,20
10277,5,0,20
10278,5,0,20
10279,5,0,20
10280,5,0,20
10281,5,0,20
10282,5,0,20
10283,5,0,20
10284,5,0,20
10285,5,0,20
10286,5,0,20
10287,5,0,20
10288,5,0,20
10289,5,0,20
10290,5,0,20
10291,5,0,20
10292,5,0,20
10293,5,0,20
10294,5,0,20
10295,5,0,20
10296,5,0,20
10297,5,0,20
10298,5,0,20
10299,5,0,20
10300,5,0,20
10301,5,0,20
10302,5,0,20
10303,5,0,20
10304,5,0,20
10305,5,0,20
10306,5,0,20
10307,5,0,20
10308,5,0,20
10309,5,0,20
10310,5,0,20
10311,5,0,20
10312,5,0,20
10313,5,0,20
10314,5,0,20
10315,5,0,20
10316,5,0,20
10317,5,0,20
10318,5,0,20
10319,5,0,20
10320,5,0,20
10321,5,0,20
10322,5,0,20
10323,5,0,20
10324,5,0,20
10325,5,0,20
10326,5,0,20
10327,5,0,20
10328,5,0,20
10329,5,0,20
10330,5,0,20
10331,5,0,20
10332,5,0,20
10333,5,0,20
10334,5,0,20
10335,5,0,20
10336,5,0,20
10337,5,0,20
10338,5,0,20
10339,5,0,20
10340,5,0,20
10341,5,0,20
10342,5,0,20
10343,5,0,20
10344,5,0,20
10345,5,0,20
10346,5,0,20
10347,5,0,20
10348,5,0,20
10349,5,0,20
10350,5,0,20
10351,5,0,20
10352,5,0,20
10353,5,0,20
10354,5,0,20
10355,5,0,20
10356,5,0,20
10357,5,0,20
10358,5,0,20
10359,5,0,20
10360,5,0,20
10361,5,0,20
10362,5,0,20
10363,5,0,20
10364,5,0,20
10365,5,0,20
10366,5,0,20
10367,5,0,20
10368,5,0,20
10369,5,0,20
10370,5,0,20
10371,5,0,20
10372,5,0,20
10373,5,0,20
10374,5,0,20
10375,5,0,20
10376,5,0,20
10377,5,0,20
10378,5,0,20
10379,5,0,20
10380,5,0,20
10381,5,0,20
10382,5,0,20
10383,5,0,20
10384,5,0,20
10385,5,0,20
10386,5,0,20
10387,5,0,20
10388,5,0,20
10389,5,0,20
10390,5,0,20
10391,5,0,20
10392,5,0,20
10393,5,0,20
10394,5,0,20
10395,5,0,20
10396,5,0,20
10397,5,0,20
10398,5,0,20
10399,5,0,20
10400,5,0,20
10401,5,0,20
10402,5,0,20
10403,5,0,20
10404,5,0,20
10405,5,0,20
10406,5,0,20
10407,5,0,20
10408,5,0,20
10409,5,0,20
10410,5,0,20
10411,5,0,20
10412,5,0,20
10413,5,0,20
10414,5,0,20
10415,5,0,20
10416,5,0,20
10417,5,0,20
10418,5,0,20
10419,5,0,20
10420,5,0,20
10421,5,0,20
10422,5,0,20
10423,5,0,20
10424,5,0,20
10425,5,0,20
10426,5,0,20
10427,5,0,20
10428,5,0,20
10429,5,0,20
10430,5,0,20
10431,5,0,20
10432,5,0,20
10433,5,0,20
10434,5,0,20
10435,5,0,20
10436,5,0,20
10437,5,0,20
10438,5,0,20
10439,5,0,20
10440,5,0,20
10441,5,0,20
10442,5,0,20
10443,5,0,20
10444,5,0,20
10445,5,0,20
10446,5,0,20
10447,5,0,20
10448,5,0,20
10449,5,0,20
10450,5,0,20
10451,5,0,20
10452,5,0,20
10453,5,0,20
10454,5,0,20
10455,5,0,20
10456,5,0,20
10457,5,0,20
10458,5,0,20
10459,5,0,20
10460,5,0,20
10461,5,0,20
10462,5,0,20
10463,5,0,20
10464,5,0,20
10465,5,0,20
10466,5,0,20
10467,5,0,20
10468,5,0,20
10469,5,0,20
10470,5,0,20
10471,5,0,20
10472,5,0,20
10473,5,0,20
10474,5,0,20
10475,5,0,20
10476,5,0,20
10477,5,0,20
10478,5,0,20
10479,5,0,20
10480,5,0,20
10481,5,0,20
10482,5,0,20
10483,5,0,20
10484,5,0,20
10485,5,0,20
10486,5,0,20
10487,5,0,20
10488,5,0,20
10489,5,0,20
10490,5,0,20
10491,5,0,20
10492,5,0,20
10493,5,0,20
10494,5,0,20
10495,5,0,20
10496,5,0,20
10497,5,0,20
10498,5,0,20
10499,5,0,20
10500,5,0,20
10501,5,0,20
10502,5,0,20
10503,5,0,20
10504,5,0,20
10505,5,0,20
10506,5,0,20
10507,5,0,20
10508,5,0,20
10509,5,0,20
10510,5,0,20
10511,5,0,20
10512,5,0,20
10513,5,0,20
10514,5,0,20
10515,5,0,20
10516,5,0,20
10517,5,0,20
10518,5,0,20
10519,5,0,20
10520,5,0,20
10521,5,0,20
10522,5,0,20
10523,5,0,20
10524,5,0,20
10525,5,0,20
10526,5,0,20
10527,5,0,20
10528,5,0,20
10529,5,0,20
10530,5,0,20
10531,5,0,20
10532,5,0,20
10533,5,0,20
10534,5,0,20
10535,5,0,20
10536,5,0,20
10537,5,0,20
10538,5,0,20
10539,5,0,20
10540,5,0,20
10541,5,0,20
10542,5,0,20
10543,5,0,20
10544,5,0,20
10545,5,0,20
10546,5,0,20
10547,5,0,20
10548,5,0,20
10549,5,0,20
10550,5,0,20
10551,5,0,20
10552,5,0,20
10553,5,0,20
10554,5,0,20
10555,5,0,20
10556,5,0,20
10557,5,0,20
10558,5,0,20
10559,5,0,20
10560,5,0,20
10561,5,0,20
10562,5,0,20
10563,5,0,20
10564,5,0,20
10565,5,0,20
10566,5,0,20
10567,5,0,20
10568,5,0,20
10569,5,0,20
10570,5,0,20
10571,5,0,20
10572,5,0,20
10573,5,0,20
10574,5,0,20
10575,5,0,20
10576,5,0,20
10577,5,0,20
10578,5,0,20
10579,5,0,20
10580,5,0,20
10581,5,0,20
10582,5,0,20
10583,5,0,20
10584,5,0,20
10585,5,0,20
10586,5,0,20
10587,5,0,20
10588,5,0,20
10589,5,0,20
10590,5,0,20
10591,5,0,20
10592,5,0,20
10593,5,0,20
10594,5,0,20
10595,5,0,20
10596,5,0,20
10597,5,0,20
10598,5,0,20
10599,5,0,20
10600,5,0,20
10601,5,0,20
10602,5,0,20
10603,5,0,20
10604,5,0,20
10605,5,0,20
10606,5,0,20
10607,5,0,20
10608,5,0,20
10609,5,0,20
10610,5,0,20
10611,5,0,20
10612,5,0,20
10613,5,0,20
10614,5,0,20
10615,5,0,20
10616,5,0,20
10617,5,0,20
10618,5,0,20
10619,5,0,20
10620,5,0,20
10621,5,0,20
10622,5,0,20
10623,5,0,20
10624,5,0,20
10625,5,0,20
10626,5,0,20
10627,5,0,20
10628,5,0,20
10629,5,0,20
10630,5,0,20
10631,5,0,20
10632,5,0,20
10633,5,0,20
10634,5,0,20
10635,5,0,20
10636,5,0,20
10637,5,0,20
10638,5,0,20
10639,5,0,20
10640,5,0,20
10641,5,0,20
10642,5,0,20
10643,5,0,20
10644,5,0,20
10645,5,0,20
10646,5,0,20
10647,5,0,20
10648,5,0,20
10649,5,0,20
10650,5,0,20
10651,5,0,20
10652,5,0,20
10653,5,0,20
10654,5,0,20
10655,5,0,20
10656,5,0,20
10657,5,0,20
10658,5,0,20
10659,5,0,20
10660,5,0,20
10661,5,0,20
10662,5,0,20
10663,5,0,20
10664,5,0,20
10665,5,0,20
10666,5,0,20
10667,5,0,20
10668,5,0,20
10669,5,0,20
10670,5,0,20
10671,5,0,20
10672,5,0,20
10673,5,0,20
10674,5,0,20
10675,5,0,20
10676,5,0,20
10677,5,0,20
10678,5,0,20
10679,5,0,20
10680,5,0,20
10681,5,0,20
10682,5,0,20
10683,5,0,20
10684,5,0,20
10685,5,0,20
10686,5,0,20
10687,5,0,20
10688,5,0,20
10689,5,0,20
10690,5,0,20
10691,5,0,20
10692,5,0,20
10693,5,0,20
10694,5,0,20
10695,5,0,20
10696,5,0,20
10697,5,0,20
10698,5,0,20
10699,5,0,20
10700,5,0,20
10701,5,0,20
10702,5,0,20
10703,5,0,20
10704,5,0,20
10705,5,0,20
10706,5,0,20
10707,5,0,20
10708,5,0,20
10709,5,0,20
10710,5,0,20
10711,5,0,20
10712,5,0,20
10713,5,0,20
10714,5,0,20
10715,5,0,20
10716,5,0,20
10717,5,0,20
10718,5,0,20
10719,5,0,20
10720,5,0,20
10721,5,0,20
10722,5,0,20
10723,5,0,20
10724,5,0,20
10725,5,0,20
10726,5,0,20
10727,5,0,20
10728,5,0,20
10729,5,0,20
10730,5,0,20
10731,5,0,20
10732,5,0,20
10733,5,0,20
10734,5,0,20
10735,5,0,20
10736,5,0,20
10737,5,0,20
10738,5,0,20
10739,5,0,20
10740,5,0,20
10741,5,0,20
10742,5,0,20
10743,5,0,20
10744,5,0,20
10745,5,0,20
10746,5,0,20
10747,5,0,20
10748,5,0,20
10749,5,0,20
10750,5,0,20
10751,5,0,20
10752,5,0,20
10753,5,0,20
10754,5,0,20
10755,5,0,20
10756,5,0,20
10757,5,0,20
10758,5,0,20
10759,5,0,20
10760,5,0,20
10761,5,0,20
10762,5,0,20
10763,5,0,20
10764,5,0,20
10765,5,0,20
10766,5,0,20
10767,5,0,20
10768,5,0,20
10769,5,0,20
10770,5,0,20
10771,5,0,20
10772,5,0,20
10773,5,0,20
10774,5,0,20
10775,5,0,20
10776,5,0,20
10777,5,0,20
10778,5,0,20
10779,5,0,20
10780,5,0,20
10781,5,0,20
10782,5,0,20
10783,5,0,20
10784,5,0,20
10785,5,0,20
10786,5,0,20
10787,5,0,20
10788,5,0,20
10789,5,0,20
10790,5,0,20
10791,5,0,20
10792,5,0,20
10793,5,0,20
10794,5,0,20
10795,5,0,20
10796,5,0,20
10797,5,0,20
10798,5,0,20
10799,5,0,20
10800,5,0,20
10801,5,0,20
10802,5,0,20
10803,5,0,20
10804,5,0,20
10805,5,0,20
10806,5,0,20
10807,5,0,20
10808,5,0,20
10809,5,0,20
10810,5,0,20
10811,5,0,20
10812,5,0,20
10813,5,0,20
10814,5,0,20
10815,5,0,20
10816,5,0,20
10817,5,0,20
10818,5,0,20
10819,5,0,20
10820,5,0,20
10821,5,0,20
10822,5,0,20
10823,5,0,20
10824,5,0,20
10825,5,0,20
10826,5,0,20
10827,5,0,20
10828,5,0,20
10829,5,0,20
10830,5,0,20
10831,5,0,20
10832,5,0,20
10833,5,0,20
10834,5,0,20
10835,5,0,20
10836,5,0,20
10837,5,0,20
10838,5,0,20
10839,5,0,20
10840,5,0,20
10841,5,0,20
10842,5,0,20
10843,5,0,20
10844,5,0,20
10845,5,0,20
10846,5,0,20
10847,5,0,20
10848,5,0,20
10849,5,0,20
10850,5,0,20
10851,5,0,20
10852,5,0,20
10853,5,0,20
10854,5,0,20
10855,5,0,20
10856,5,0,20
10857,5,0,20
10858,5,0,20
10859,5,0,20
10860,5,0,20
10861,5,0,20
10862,5,0,20
10863,5,0,20
10864,5,0,20
10865,5,0,20
10866,5,0,20
10867,5,0,20
10868,5,0,20
10869,5,0,20
10870,5,0,20
10871,5,0,20
10872,5,0,20
10873,5,0,20
10874,5,0,20
10875,5,0,20
10876,5,0,20
10877,5,0,20
10878,5,0,20
10879,5,0,20
10880,5,0,20
10881,5,0,20
10882,5,0,20
10883,5,0,20
10884,5,0,20
10885,5,0,20
10886,5,0,20
10887,5,0,20
10888,5,0,20
10889,5,0,20
10890,5,0,20
10891,5,0,20
10892,5,0,20
10893,5,0,20
10894,5,0,20
10895,5,0,20
10896,5,0,20
10897,5,0,20
10898,5,0,20
10899,5,0,20
10900,5,0,20
10901,5,0,20
10902,5,0,20
10903,5,0,20
10904,5,0,20
10905,5,0,20
10906,5,0,20
10907,5,0,20
10908,5,0,20
10909,5,0,20
10910,5,0,20
10911,5,0,20
10912,5,0,20
10913,5,0,20
10914,5,0,20
10915,5,0,20
10916,5,0,20
10917,5,0,20
10918,5,0,20
10919,5,0,20
10920,5,0,20
10921,5,0,20
10922,5,0,20
10923,5,0,20
10924,5,0,20
10925,5,0,20
10926,5,0,20
10927,5,0,20
10928,5,0,20
10929,5,0,20
10930,5,0,20
10931,5,0,20
10932,5,0,20
10933,5,0,20
10934,5,0,20
10935,5,0,20
10936,5,0,20
10937,5,0,20
10938,5,0,20
10939,5,0,20
10940,5,0,20
10941,5,0,20
10942,5,0,20
10943,5,0,20
10944,5,0,20
10945,5,0,20
10946,5,0,20
10947,5,0,20
10948,5,0,20
10949,5,0,20
10950,5,0,20
10951,5,0,20
10952,5,0,20
10953,5,0,20
10954,5,0,20
10955,5,0,20
10956,5,0,20
10957,5,0,20
10958,5,0,20
10959,5,0,20
10960,5,0,20
10961,5,0,20
10962,5,0,20
10963,5,0,20
10964,5,0,20
10965,5,0,20
10966,5,0,20
10967,5,0,20
10968,5,0,20
10969,5,0,20
10970,5,0,20
10971,5,0,20
10972,5,0,20
10973,5,0,20
10974,5,0,20
10975,5,0,20
10976,5,0,20
10977,5,0,20
10978,5,0,20
10979,5,0,20
10980,5,0,20
10981,5,0,20
10982,5,0,20
10983,5,0,20
10984,5,0,20
10985,5,0,20
10986,5,0,20
10987,5,0,20
10988,5,0,20
10989,5,0,20
10990,5,0,20
10991,5,0,20
10992,5,0,20
10993,5,0,20
10994,5,0,20
10995,5,0,20
10996,5,0,20
10997,5,0,20
10998,5,0,20
10999,5,0,20
11000,5,0,20
11001,5,0,20
11002,5,0,20
11003,5,0,20
11004,5,0,20
11005,5,0,20
11006,5,0,20
11007,5,0,20
11008,5,0,20
11009,5,0,20
11010,5,0,20
11011,5,0,20
11012,5,0,20
11013,5,0,20
11014,5,0,20
11015,5,0,20
11016,5,0,20
11017,5,0,20
11018,5,0,20
11019,5,0,20
11020,5,0,20
11021,5,0,20
11022,5,0,20
11023,5,0,20
11024,5,0,20
11025,5,0,20
11026,5,0,20
11027,5,0,20
11028,5,0,20
11029,5,0,20
11030,5,0,20
11031,5,0,20
11032,5,0,20
11033,5,0,20
11034,5,0,20
11035,5,0,20
11036,5,0,20
11037,5,0,20
11038,5,0,20
11039,5,0,20
11040,5,0,20
11041,5,0,20
11042,5,0,20
11043,5,0,20
11044,5,0,20
11045,5,0,20
11046,5,0,20
11047,5,0,20
11048,5,0,20
11049,5,0,20
11050,5,0,20
11051,5,0,20
11052,5,0,20
11053,5,0,20
11054,5,0,20
11055,5,0,20
11056,5,0,20
11057,5,0,20
11058,5,0,20
11059,5,0,20
11060,5,0,20
11061,5,0,20
11062,5,0,20
11063,5,0,20
11064,5,0,20
11065,5,0,20
11066,5,0,20
11067,5,0,20
11068,5,0,20
11069,5,0,20
11070,5,0,20
11071,5,0,20
11072,5,0,20
11073,5,0,20
11074,5,0,20
11075,5,0,20
11076,5,0,20
11077,5,0,20
11078,5,0,20
11079,5,0,20
11080,5,0,20
11081,5,0,20
11082,5,0,20
11083,5,0,20
11084,5,0,20
11085,5,0,20
11086,5,0,20
11087,5,0,20
11088,5,0,20
11089,5,0,20
11090,5,0,20
11091,5,0,20
11092,5,0,20
11093,5,0,20
11094,5,0,20
11095,5,0,20
11096,5,0,20
11097,5,0,20
11098,5,0,20
11099,5,0,20
11100,5,0,20
11101,5,0,20
11102,5,0,20
11103,5,0,20
11104,5,0,20
11105,5,0,20
11106,5,0,20
11107,5,0,20
11108,5,0,20
11109,5,0,20
11110,5,0,20
11111,5,0,20
11112,5,0,20
11113,5,0,20
11114,5,0,20
11115,5,0,20
11116,5,0,20
11117,5,0,20
11118,5,0,20
11119,5,0,20
11120,5,0,20
11121,5,0,20
11122,5,0,20
11123,5,0,20
11124,5,0,20
11125,5,0,20
11126,5,0,20
11127,5,0,20
11128,5,0,20
11129,5,0,20
11130,5,0,20
11131,5,0,20
11132,5,0,20
11133,5,0,20
11134,5,0,20
11135,5,0,20
11136,5,0,20
11137,5,0,20
11138,5,0,20
11139,5,0,20
11140,5,0,20
11141,5,0,20
11142,5,0,20
11143,5,0,20
11144,5,0,20
11145,5,0,20
11146,5,0,20
11147,5,0,20
11148,5,0,20
11149,5,0,20
11150,5,0,20
11151,5,0,20
11152,5,0,20
11153,5,0,20
11154,5,0,20
11155,5,0,20
11156,5,0,20
11157,5,0,20
11158,5,0,20
11159,5,0,20
11160,5,0,20
11161,5,0,20
11162,5,0,20
11163,5,0,20
11164,5,0,20
11165,5,0,20
11166,5,0,20
11167,5,0,20
11168,5,0,20
11169,5,0,20
11170,5,0,20
11171,5,0,20
11172,5,0,20
11173,5,0,20
11174,5,0,20
11175,5,0,20
11176,5,0,20
11177,5,0,20
11178,5,0,20
11179,5,0,20
11180,5,0,20
11181,5,0,20
11182,5,0,20
11183,5,0,20
11184,5,0,20
11185,5,0,20
11186,5,0,20
11187,5,0,20
11188,5,0,20
11189,5,0,20
11190,5,0,20
11191,5,0,20
11192,5,0,20
11193,5,0,20
11194,5,0,20
11195,5,0,20
11196,5,0,20
11197,5,0,20
11198,5,0,20
11199,5,0,20
11200,5,0,20
11201,5,0,20
11202,5,0,20
11203,5,0,20
11204,5,0,20
11205,5,0,20
11206,5,0,20
11207,5,0,20
11208,5,0,20
11209,5,0,20
11210,5,0,20
11211,5,0,20
11212,5,0,20
11213,5,0,20
11214,5,0,20
11215,5,0,20
11216,5,0,20
11217,5,0,20
11218,5,0,20
11219,5,0,20
11220,5,0,20
11221,5,0,20
11222,5,0,20
11223,5,0,20
11224,5,0,20
11225,5,0,20
11226,5,0,20
11227,5,0,20
11228,5,0,20
11229,5,0,20
11230,5,0,20
11231,5,0,20
11232,5,0,20
11233,5,0,20
11234,5,0,20
11235,5,0,20
11236,5,0,20
11237,5,0,20
11238,5,0,20
11239,5,0,20
11240,5,0,20
11241,5,0,20
11242,5,0,20
11243,5,0,20
11244,5,0,20
11245,5,0,20
11246,5,0,20
11247,5,0,20
11248,5,0,20
11249,5,0,20
11250,5,0,20
11251,5,0,20
11252,5,0,20
11253,5,0,20
11254,5,0,20
11255,5,0,20
11256,5,0,20
11257,5,0,20
11258,5,0,20
11259,5,0,20
11260,5,0,20
11261,5,0,20
11262,5,0,20
11263,5,0,20
11264,5,0,20
11265,5,0,20
11266,5,0,20
11267,5,0,20
11268,5,0,20
11269,5,0,20
11270,5,0,20
11271,5,0,20
11272,5,0,20
11273,5,0,20
11274,5,0,20
11275,5,0,20
11276,5,0,20
11277,5,0,20
11278,5,0,20
11279,5,0,20
11280,5,0,20
11281,5,0,20
11282,5,0,20
11283,5,0,20
11284,5,0,20
11285,5,0,20
11286,5,0,20
11287,5,0,20
11288,5,0,20
11289,5,0,20
11290,5,0,20
11291,5,0,20
11292,5,0,20
11293,5,0,20
11294,5,0,20
11295,5,0,20
11296,5,0,20
11297,5,0,20
11298,5,0,20
11299,5,0,20
11300,5,0,20
11301,5,0,20
11302,5,0,20
11303,5,0,20
11304,5,0,20
11305,5,0,20
11306,5,0,20
11307,5,0,20
11308,5,0,20
11309,5,0,20
11310,5,0,20
11311,5,0,20
11312,5,0,20
11313,5,0,20
11314,5,0,20
11315,5,0,20
11316,5,0,20
11317,5,0,20
11318,5,0,20
11319,5,0,20
11320,5,0,20
11321,5,0,20
11322,5,0,20
11323,5,0,20
11324,5,0,20
11325,5,0,20
11326,5,0,20
11327,5,0,20
11328,5,0,20
11329,5,0,20
11330,5,0,20
11331,5,0,20
11332,5,0,20
11333,5,0,20
11334,5,0,20
11335,5,0,20
11336,5,0,20
11337,5,0,20
11338,5,0,20
11339,5,0,20
11340,5,0,20
11341,5,0,20
11342,5,0,20
11343,5,0,20
11344,5,0,20
11345,5,0,20
11346,5,0,20
11347,5,0,20
11348,5,0,20
11349,5,0,20
11350,5,0,20
11351,5,0,20
11352,5,0,20
11353,5,0,20
11354,5,0,20
11355,5,0,20
11356,5,0,20
11357,5,0,20
11358,5,0,20
11359,5,0,20
11360,5,0,20
11361,5,0,20
11362,5,0,20
11363,5,0,20
11364,5,0,20
11365,5,0,20
11366,5,0,20
11367,5,0,20
11368,5,0,20
11369,5,0,20
11370,5,0,20
11371,5,0,20
11372,5,0,20
11373,5,0,20
11374,5,0,20
11375,5,0,20
11376,5,0,20
11377,5,0,20
11378,5,0,20
11379,5,0,20
11380,5,0,20
11381,5,0,20
11382,5,0,20
11383,5,0,20
11384,5,0,20
11385,5,0,20
11386,5,0,20
11387,5,0,20
11388,5,0,20
11389,5,0,20
11390,5,0,20
11391,5,0,20
11392,5,0,20
11393,5,0,20
11394,5,0,20
11395,5,0,20
11396,5,0,20
11397,5,0,20
11398,5,0,20
11399,5,0,20
11400,5,0,20
11401,5,0,20
11402,5,0,20
11403,5,0,20
11404,5,0,20
11405,5,0,20
11406,5,0,20
11407,5,0,20
11408,5,0,20
11409,5,0,20
11410,5,0,20
11411,5,0,20
11412,5,0,20
11413,5,0,20
11414,5,0,20
11415,5,0,20
11416,5,0,20
11417,5,0,20
11418,5,0,20
11419,5,0,20
11420,5,0,20
11421,5,0,20
11422,5,0,20
11423,5,0,20
11424,5,0,20
11425,5,0,20
11426,5,0,20
11427,5,0,20
11428,5,0,20
11429,5,0,20
11430,5,0,20
11431,5,0,20
11432,5,0,20
11433,5,0,20
11434,5,0,20
11435,5,0,20
11436,5,0,20
11437,5,0,20
11438,5,0,20
11439,5,0,20
11440,5,0,20
11441,5,0,20
11442,5,0,20
11443,5,0,20
11444,5,0,20
11445,5,0,20
11446,5,0,20
11447,5,0,20
11448,5,0,20
11449,5,0,20
11450,5,0,20
11451,5,0,20
11452,5,0,20
11453,5,0,20
11454,5,0,20
11455,5,0,20
11456,5,0,20
11457,5,0,20
11458,5,0,20
11459,5,0,20
11460,5,0,20
11461,5,0,20
11462,5,0,20
11463,5,0,20
11464,5,0,20
11465,5,0,20
11466,5,0,20
11467,5,0,20
11468,5,0,20
11469,5,0,20
11470,5,0,20
11471,5,0,20
11472,5,0,20
11473,5,0,20
11474,5,0,20
11475,5,0,20
11476,5,0,20
11477,5,0,20
11478,5,0,20
11479,5,0,20
11480,5,0,20
11481,5,0,20
11482,5,0,20
11483,5,0,20
11484,5,0,20
11485,5,0,20
11486,5,0,20
11487,5,0,20
11488,5,0,20
11489,5,0,20
11490,5,0,20
11491,5,0,20
11492,5,0,20
11493,5,0,20
11494,5,0,20
11495,5,0,20
11496,5,0,20
11497,5,0,20
11498,5,0,20
11499,5,0,20
11500,5,0,20
11501,5,0,20
11502,5,0,20
11503,5,0,20
11504,5,0,20
11505,5,0,20
11506,5,0,20
11507,5,0,20
11508,5,0,20
11509,5,0,20
11510,5,0,20
11511,5,0,20
11512,5,0,20
11513,5,0,20
11514,5,0,20
11515,5,0,20
11516,5,0,20
11517,5,0,20
11518,5,0,20
11519,5,0,20
11520,5,0,20
11521,5,0,20
11522,5,0,20
11523,5,0,20
11524,5,0,20
11525,5,0,20
11526,5,0,20
11527,5,0,20
11528,5,0,20
11529,5,0,20
11530,5,0,20
11531,5,0,20
11532,5,0,20
11533,5,0,20
11534,5,0,20
11535,5,0,20
11536,5,0,20
11537,5,0,20
11538,5,0,20
11539,5,0,20
11540,5,0,20
11541,5,0,20
11542,5,0,20
11543,5,0,20
11544,5,0,20
11545,5,0,20
11546,5,0,20
11547,5,0,20
11548,5,0,20
11549,5,0,20
11550,5,0,20
11551,5,0,20
11552,5,0,20
11553,5,0,20
11554,5,0,20
11555,5,0,20
11556,5,0,20
11557,5,0,20
11558,5,0,20
11559,5,0,20
11560,5,0,20
11561,5,0,20
11562,5,0,20
11563,5,0,20
11564,5,0,20
11565,5,0,20
11566,5,0,20
11567,5,0,20
11568,5,0,20
11569,5,0,20
11570,5,0,20
11571,5,0,20
11572,5,0,20
11573,5,0,20
11574,5,0,20
11575,5,0,20
11576,5,0,20
11577,5,0,20
11578,5,0,20
11579,5,0,20
11580,5,0,20
11581,5,0,20
11582,5,0,20
11583,5,0,20
11584,5,0,20
11585,5,0,20
11586,5,0,20
11587,5,0,20
11588,5,0,20
11589,5,0,20
11590,5,0,20
11591,5,0,20
11592,5,0,20
11593,5,0,20
11594,5,0,20
11595,5,0,20
11596,5,0,20
11597,5,0,20
11598,5,0,20
11599,5,0,20
11600,5,0,20
11601,5,0,20
11602,5,0,20
11603,5,0,20
11604,5,0,20
11605,5,0,20
11606,5,0,20
11607,5,0,20
11608,5,0,20
11609,5,0,20
11610,5,0,20
11611,5,0,20
11612,5,0,20
11613,5,0,20
11614,5,0,20
11615,5,0,20
11616,5,0,20
11617,5,0,20
11618,5,0,20
11619,5,0,20
11620,5,0,20
11621,5,0,20
11622,5,0,20
11623,5,0,20
11624,5,0,20
11625,5,0,20
11626,5,0,20
11627,5,0,20
11628,5,0,20
11629,5,0,20
11630,5,0,20
11631,5,0,20
11632,5,0,20
11633,5,0,20
11634,5,0,20
11635,5,0,20
11636,5,0,20
11637,5,0,20
11638,5,0,20
11639,5,0,20
11640,5,0,20
11641,5,0,20
11642,5,0,20
11643,5,0,20
11644,5,0,20
11645,5,0,20
11646,5,0,20
11647,5,0,20
11648,5,0,20
11649,5,0,20
11650,5,0,20
11651,5,0,20
11652,5,0,20
11653,5,0,20
11654,5,0,20
11655,5,0,20
11656,5,0,20
11657,5,0,20
11658,5,0,20
11659,5,0,20
11660,5,0,20
11661,5,0,20
11662,5,0,20
11663,5,0,20
11664,5,0,20
11665,5,0,20
11666,5,0,20
11667,5,0,20
11668,5,0,20
11669,5,0,20
11670,5,0,20
11671,5,0,20
11672,5,0,20
11673,5,0,20
11674,5,0,20
11675,5,0,20
11676,5,0,20
11677,5,0,20
11678,5,0,20
11679,5,0,20
11680,5,0,20
11681,5,0,20
11682,5,0,20
11683,5,0,20
11684,5,0,20
11685,5,0,20
11686,5,0,20
11687,5,0,20
11688,5,0,20
11689,5,0,20
11690,5,0,20
11691,5,0,20
11692,5,0,20
11693,5,0,20
11694,5,0,20
11695,5,0,20
11696,5,0,20
11697,5,0,20
11698,5,0,20
11699,5,0,20
11700,5,0,20
11701,5,0,20
11702,5,0,20
11703,5,0,20
11704,5,0,20
11705,5,0,20
11706,5,0,20
11707,5,0,20
11708,5,0,20
11709,5,0,20
11710,5,0,20
11711,5,0,20
11712,5,0,20
11713,5,0,20
11714,5,0,20
11715,5,0,20
11716,5,0,20
11717,5,0,20
11718,5,0,20
11719,5,0,20
11720,5,0,20
11721,5,0,20
11722,5,0,20
11723,5,0,20
11724,5,0,20
11725,5,0,20
11726,5,0,20
11727,5,0,20
11728,5,0,20
11729,5,0,20
11730,5,0,20
11731,5,0,20
11732,5,0,20
11733,5,0,20
11734,5,0,20
11735,5,0,20
11736,5,0,20
11737,5,0,20
11738,5,0,20
11739,5,0,20
11740,5,0,20
11741,5,0,20
11742,5,0,20
11743,5,0,20
11744,5,0,20
11745,5,0,20
11746,5,0,20
11747,5,0,20
11748,5,0,20
11749,5,0,20
11750,5,0,20
11751,5,0,20
11752,5,0,20
11753,5,0,20
11754,5,0,20
11755,5,0,20
11756,5,0,20
11757,5,0,20
11758,5,0,20
11759,5,0,20
11760,5,0,20
11761,5,0,20
11762,5,0,20
11763,5,0,20
11764,5,0,20
11765,5,0,20
11766,5,0,20
11767,5,0,20
11768,5,0,20
11769,5,0,20
11770,5,0,20
11771,5,0,20
11772,5,0,20
11773,5,0,20
11774,5,0,20
11775,5,0,20
11776,5,0,20
11777,5,0,20
11778,5,0,20
11779,5,0,20
11780,5,0,20
11781,5,0,20
11782,5,0,20
11783,5,0,20
11784,5,0,20
11785,5,0,20
11786,5,0,20
11787,5,0,20
11788,5,0,20
11789,5,0,20
11790,5,0,20
11791,5,0,20
11792,5,0,20
11793,5,0,20
11794,5,0,20
11795,5,0,20
11796,5,0,20
11797,5,0,20
11798,5,0,20
11799,5,0,20
11800,5,0,20
11801,5,0,20
11802,5,0,20
11803,5,0,20
11804,5,0,20
11805,5,0,20
11806,5,0,20
11807,5,0,20
11808,5,0,20
11809,5,0,20
11810,5,0,20
11811,5,0,20
11812,5,0,20
11813,5,0,20
11814,5,0,20
11815,5,0,20
11816,5,0,20
11817,5,0,20
11818,5,0,20
11819,5,0,20
11820,5,0,20
11821,5,0,20
11822,5,0,20
11823,5,0,20
11824,5,0,20
11825,5,0,20
11826,5,0,20
11827,5,0,20
11828,5,0,20
11829,5,0,20
11830,5,0,20
11831,5,0,20
11832,5,0,20
11833,5,0,20
11834,5,0,20
11835,5,0,20
11836,5,0,20
11837,5,0,20
11838,5,0,20
11839,5,0,20
11840,5,0,20
11841,5,0,20
11842,5,0,20
11843,5,0,20
11844,5,0,20
11845,5,0,20
11846,5,0,20
11847,5,0,20
11848,5,0,20
11849,5,0,20
11850,5,0,20
11851,5,0,20
11852,5,0,20
11853,5,0,20
11854,5,0,20
11855,5,0,20
11856,5,0,20
11857,5,0,20
11858,5,0,20
11859,5,0,20
11860,5,0,20
11861,5,0,20
11862,5,0,20
11863,5,0,20
11864,5,0,20
11865,5,0,20
11866,5,0,20
11867,5,0,20
11868,5,0,20
11869,5,0,20
11870,5,0,20
11871,5,0,20
11872,5,0,20
11873,5,0,20
11874,5,0,20
11875,5,0,20
11876,5,0,20
11877,5,0,20
11878,5,0,20
11879,5,0,20
11880,5,0,20
11881,5,0,20
11882,5,0,20
11883,5,0,20
11884,5,0,20
11885,5,0,20
11886,5,0,20
11887,5,0,20
11888,5,0,20
11889,5,0,20
11890,5,0,20
11891,5,0,20
11892,5,0,20
11893,5,0,20
11894,5,0,20
11895,5,0,20
11896,5,0,20
11897,5,0,20
11898,5,0,20
11899,5,0,20
11900,5,0,20
11901,5,0,20
11902,5,0,20
11903,5,0,20
11904,5,0,20
11905,5,0,20
11906,5,0,20
11907,5,0,20
11908,5,0,20
11909,5,0,20
11910,5,0,20
11911,5,0,20
11912,5,0,20
11913,5,0,20
11914,5,0,20
11915,5,0,20
11916,5,0,20
11917,5,0,20
11918,5,0,20
11919,5,0,20
11920,5,0,20
11921,5,0,20
11922,5,0,20
11923,5,0,20
11924,5,0,20
11925,5,0,20
11926,5,0,20
11927,5,0,20
11928,5,0,20
11929,5,0,20
11930,5,0,20
11931,5,0,20
11932,5,0,20
11933,5,0,20
11934,5,0,20
11935,5,0,20
11936,5,0,20
11937,5,0,20
11938,5,0,20
11939,5,0,20
11940,5,0,20
11941,5,0,20
11942,5,0,20
11943,5,0,20
11944,5,0,20
11945,5,0,20
11946,5,0,20
11947,5,0,20
11948,5,0,20
11949,5,0,20
11950,5,0,20
11951,5,0,20
11952,5,0,20
11953,5,0,20
11954,5,0,20
11955,5,0,20
11956,5,0,20
11957,5,0,20
11958,5,0,20
11959,5,0,20
11960,5,0,20
11961,5,0,20
11962,5,0,20
11963,5,0,20
11964,5,0,20
11965,5,0,20
11966,5,0,20
11967,5,0,20
11968,5,0,20
11969,5,0,20
11970,5,0,20
11971,5,0,20
11972,5,0,20
11973,5,0,20
11974,5,0,20
11975,5,0,20
11976,5,0,20
11977,5,0,20
11978,5,0,20
11979,5,0,20
11980,5,0,20
11981,5,0,20
11982,5,0,20
11983,5,0,20
11984,5,0,20
11985,5,0,20
11986,5,0,20
11987,5,0,20
11988,5,0,20
11989,5,0,20
11990,5,0,20
11991,5,0,20
11992,5,0,20
11993,5,0,20
11994,5,0,20
11995,5,0,20
11996,5,0,20
11997,5,0,20
11998,5,0,20
11999,5,0,20
12000,5,0,20
12001,5,0,20
12002,5,0,20
12003,5,0,20
12004,5,0,20
12005,5,0,20
12006,5,0,20
12007,5,0,20
12008,5,0,20
12009,5,0,20
12010,5,0,20
12011,5,0,20
12012,5,0,20
12013,5,0,20
12014,5,0,20
12015,5,0,20
12016,5,0,20
12017,5,0,20
12018,5,0,20
12019,5,0,20
12020,5,0,20
12021,5,0,20
12022,5,0,20
12023,5,0,20
12024,5,0,20
12025,5,0,20
12026,5,0,20
12027,5,0,20
12028,5,0,20
12029,5,0,20
12030,5,0,20
12031,5,0,20
12032,5,0,20
12033,5,0,20
12034,5,0,20
12035,5,0,20
12036,5,0,20
12037,5,0,20
12038,5,0,20
12039,5,0,20
12040,5,0,20
12041,5,0,20
12042,5,0,20
12043,5,0,20
12044,5,0,20
12045,5,0,20
12046,5,0,20
12047,5,0,20
12048,5,0,20
12049,5,0,20
12050,5,0,20
12051,5,0,20
12052,5,0,20
12053,5,0,20
12054,5,0,20
12055,5,0,20
12056,5,0,20
12057,5,0,20
12058,5,0,20
12059,5,0,20
12060,5,0,20
12061,5,0,20
12062,5,0,20
12063,5,0,20
12064,5,0,20
12065,5,0,20
12066,5,0,20
12067,5,0,20
12068,5,0,20
12069,5,0,20
12070,5,0,20
12071,5,0,20
12072,5,0,20
12073,5,0,20
12074,5,0,20
12075,5,0,20
12076,5,0,20
12077,5,0,20
12078,5,0,20
12079,5,0,20
12080,5,0,20
12081,5,0,20
12082,5,0,20
12083,5,0,20
12084,5,0,20
12085,5,0,20
12086,5,0,20
12087,5,0,20
12088,5,0,20
12089,5,0,20
12090,5,0,20
12091,5,0,20
12092,5,0,20
12093,5,0,20
12094,5,0,20
12095,5,0,20
12096,5,0,20
12097,5,0,20
12098,5,0,20
12099,5,0,20
12100,5,0,20
12101,5,0,20
12102,5,0,20
12103,5,0,20
12104,5,0,20
12105,5,0,20
12106,5,0,20
12107,5,0,20
12108,5,0,20
12109,5,0,20
12110,5,0,20
12111,5,0,20
12112,5,0,20
12113,5,0,20
12114,5,0,20
12115,5,0,20
12116,5,0,20
12117,5,0,20
12118,5,0,20
12119,5,0,20
12120,5,0,20
12121,5,0,20
12122,5,0,20
12123,5,0,20
12124,5,0,20
12125,5,0,20
12126,5,0,20
12127,5,0,20
12128,5,0,20
12129,5,0,20
12130,5,0,20
12131,5,0,20
12132,5,0,20
12133,5,0,20
12134,5,0,20
12135,5,0,20
12136,5,0,20
12137,5,0,20
12138,5,0,20
12139,5,0,20
12140,5,0,20
12141,5,0,20
12142,5,0,20
12143,5,0,20
12144,5,0,20
12145,5,0,20
12146,5,0,20
12147,5,0,20
12148,5,0,20
12149,5,0,20
12150,5,0,20
12151,5,0,20
12152,5,0,20
12153,5,0,20
12154,5,0,20
12155,5,0,20
12156,5,0,20
12157,5,0,20
12158,5,0,20
12159,5,0,20
12160,5,0,20
12161,5,0,20
12162,5,0,20
12163,5,0,20
12164,5,0,20
12165,5,0,20
12166,5,0,20
12167,5,0,20
12168,5,0,20
12169,5,0,20
12170,5,0,20
12171,5,0,20
12172,5,0,20
12173,5,0,20
12174,5,0,20
12175,5,0,20
12176,5,0,20
12177,5,0,20
12178,5,0,20
12179,5,0,20
12180,5,0,20
12181,5,0,20
12182,5,0,20
12183,5,0,20
12184,5,0,20
12185,5,0,20
12186,5,0,20
12187,5,0,20
12188,5,0,20
12189,5,0,20
12190,5,0,20
12191,5,0,20
12192,5,0,20
12193,5,0,20
12194,5,0,20
12195,5,0,20
12196,5,0,20
12197,5,0,20
12198,5,0,20
12199,5,0,20
12200,5,0,20
12201,5,0,20
12202,5,0,20
12203,5,0,20
12204,5,0,20
12205,5,0,20
12206,5,0,20
12207,5,0,20
12208,5,0,20
12209,5,0,20
12210,5,0,20
12211,5,0,20
12212,5,0,20
12213,5,0,20
12214,5,0,20
12215,5,0,20
12216,5,0,20
12217,5,0,20
12218,5,0,20
12219,5,0,20
12220,5,0,20
12221,5,0,20
12222,5,0,20
12223,5,0,20
12224,5,0,20
12225,5,0,20
12226,5,0,20
12227,5,0,20
12228,5,0,20
12229,5,0,20
12230,5,0,20
12231,5,0,20
12232,5,0,20
12233,5,0,20
12234,5,0,20
12235,5,0,20
12236,5,0,20
12237,5,0,20
12238,5,0,20
12239,5,0,20
12240,5,0,20
12241,5,0,20
12242,5,0,20
12243,5,0,20
12244,5,0,20
12245,5,0,20
12246,5,0,20
12247,5,0,20
12248,5,0,20
12249,5,0,20
12250,5,0,20
12251,5,0,20
12252,5,0,20
12253,5,0,20
12254,5,0,20
12255,5,0,20
12256,5,0,20
12257,5,0,20
12258,5,0,20
12259,5,0,20
12260,5,0,20
12261,5,0,20
12262,5,0,20
12263,5,0,20
12264,5,0,20
12265,5,0,20
12266,5,0,20
12267,5,0,20
12268,5,0,20
12269,5,0,20
12270,5,0,20
12271,5,0,20
12272,5,0,20
12273,5,0,20
12274,5,0,20
12275,5,0,20
12276,5,0,20
12277,5,0,20
12278,5,0,20
12279,5,0,20
12280,5,0,20
12281,5,0,20
12282,5,0,20
12283,5,0,20
12284,5,0,20
12285,5,0,20
12286,5,0,20
12287,5,0,20
12288,5,0,20
12289,5,0,20
12290,5,0,20
12291,5,0,20
12292,5,0,20
12293,5,0,20
12294,5,0,20
12295,5,0,20
12296,5,0,20
12297,5,0,20
12298,5,0,20
12299,5,0,20
12300,5,0,20
12301,5,0,20
12302,5,0,20
12303,5,0,20
12304,5,0,20
12305,5,0,20
12306,5,0,20
12307,5,0,20
12308,5,0,20
12309,5,0,20
12310,5,0,20
12311,5,0,20
12312,5,0,20
12313,5,0,20
12314,5,0,20
12315,5,0,20
12316,5,0,20
12317,5,0,20
12318,5,0,20
12319,5,0,20
12320,5,0,20
12321,5,0,20
12322,5,0,20
12323,5,0,20
12324,5,0,20
12325,5,0,20
12326,5,0,20
12327,5,0,20
12328,5,0,20
12329,5,0,20
12330,5,0,20
12331,5,0,20
12332,5,0,20
12333,5,0,20
12334,5,0,20
12335,5,0,20
12336,5,0,20
12337,5,0,20
12338,5,0,20
12339,5,0,20
12340,5,0,20
12341,5,0,20
12342,5,0,20
12343,5,0,20
12344,5,0,20
12345,5,0,20
12346,5,0,20
12347,5,0,20
12348,5,0,20
12349,5,0,20
12350,5,0,20
12351,5,0,20
12352,5,0,20
12353,5,0,20
12354,5,0,20
12355,5,0,20
12356,5,0,20
12357,5,0,20
12358,5,0,20
12359,5,0,20
12360,5,0,20
12361,5,0,20
12362,5,0,20
12363,5,0,20
12364,5,0,20
12365,5,0,20
12366,5,0,20
12367,5,0,20
12368,5,0,20
12369,5,0,20
12370,5,0,20
12371,5,0,20
12372,5,0,20
12373,5,0,20
12374,5,0,20
12375,5,0,20
12376,5,0,20
12377,5,0,20
12378,5,0,20
12379,5,0,20
12380,5,0,20
12381,5,0,20
12382,5,0,20
12383,5,0,20
12384,5,0,20
12385,5,0,20
12386,5,0,20
12387,5,0,20
12388,5,0,20
12389,5,0,20
12390,5,0,20
12391,5,0,20
12392,5,0,20
12393,5,0,20
12394,5,0,20
12395,5,0,20
12396,5,0,20
12397,5,0,20
12398,5,0,20
12399,5,0,20
12400,5,0,20
12401,5,0,20
12402,5,0,20
12403,5,0,20
12404,5,0,20
12405,5,0,20
12406,5,0,20
12407,5,0,20
12408,5,0,20
12409,5,0,20
12410,5,0,20
12411,5,0,20
12412,5,0,20
12413,5,0,20
12414,5,0,20
12415,5,0,20
12416,5,0,20
12417,5,0,20
12418,5,0,20
12419,5,0,20
12420,5,0,20
12421,5,0,20
12422,5,0,20
12423,5,0,20
12424,5,0,20
12425,5,0,20
12426,5,0,20
12427,5,0,20
12428,5,0,20
12429,5,0,20
12430,5,0,20
12431,5,0,20
12432,5,0,20
12433,5,0,20
12434,5,0,20
12435,5,0,20
12436,5,0,20
12437,5,0,20
12438,5,0,20
12439,5,0,20
12440,5,0,20
12441,5,0,20
12442,5,0,20
12443,5,0,20
12444,5,0,20
12445,5,0,20
12446,5,0,20
12447,5,0,20
12448,5,0,20
12449,5,0,20
12450,5,0,20
12451,5,0,20
12452,5,0,20
12453,5,0,20
12454,5,0,20
12455,5,0,20
12456,5,0,20
12457,5,0,20
12458,5,0,20
12459,5,0,20
12460,5,0,20
12461,5,0,20
12462,5,0,20
12463,5,0,20
12464,5,0,20
12465,5,0,20
12466,5,0,20
12467,5,0,20
12468,5,0,20
12469,5,0,20
12470,5,0,20
12471,5,0,20
12472,5,0,20
12473,5,0,20
12474,5,0,20
12475,5,0,20
12476,5,0,20
12477,5,0,20
12478,5,0,20
12479,5,0,20
12480,5,0,20
12481,5,0,20
12482,5,0,20
12483,5,0,20
12484,5,0,20
12485,5,0,20
12486,5,0,20
12487,5,0,20
12488,5,0,20
12489,5,0,20
12490,5,0,20
12491,5,0,20
12492,5,0,20
12493,5,0,20
12494,5,0,20
12495,5,0,20
12496,5,0,20
12497,5,0,20
12498,5,0,20
12499,5,0,20
12500,5,0,20
12501,5,0,20
12502,5,0,20
12503,5,0,20
12504,5,0,20
12505,5,0,20
12506,5,0,20
12507,5,0,20
12508,5,0,20
12509,5,0,20
12510,5,0,20
12511,5,0,20
12512,5,0,20
12513,5,0,20
12514,5,0,20
12515,5,0,20
12516,5,0,20
12517,5,0,20
12518,5,0,20
12519,5,0,20
12520,5,0,20
12521,5,0,20
12522,5,0,20
12523,5,0,20
12524,5,0,20
12525,5,0,20
12526,5,0,20
12527,5,0,20
12528,5,0,20
12529,5,0,20
12530,5,0,20
12531,5,0,20
12532,5,0,20
12533,5,0,20
12534,5,0,20
12535,5,0,20
12536,5,0,20
12537,5,0,20
12538,5,0,20
12539,5,0,20
12540,5,0,20
12541,5,0,20
12542,5,0,20
12543,5,0,20
12544,5,0,20
12545,5,0,20
12546,5,0,20
12547,5,0,20
12548,5,0,20
12549,5,0,20
12550,5,0,20
12551,5,0,20
12552,5,0,20
12553,5,0,20
12554,5,0,20
12555,5,0,20
12556,5,0,20
12557,5,0,20
12558,5,0,20
12559,5,0,20
12560,5,0,20
12561,5,0,20
12562,5,0,20
12563,5,0,20
12564,5,0,20
12565,5,0,20
12566,5,0,20
12567,5,0,20
12568,5,0,20
12569,5,0,20
12570,5,0,20
12571,5,0,20
12572,5,0,20
12573,5,0,20
12574,5,0,20
12575,5,0,20
12576,5,0,20
12577,5,0,20
12578,5,0,20
12579,5,0,20
12580,5,0,20
12581,5,0,20
12582,5,0,20
12583,5,0,20
12584,5,0,20
12585,5,0,20
12586,5,0,20
12587,5,0,20
12588,5,0,20
12589,5,0,20
12590,5,0,20
12591,5,0,20
12592,5,0,20
12593,5,0,20
12594,5,0,20
12595,5,0,20
12596,5,0,20
12597,5,0,20
12598,5,0,20
12599,5,0,20
12600,5,0,20
12601,5,0,20
12602,5,0,20
12603,5,0,20
12604,5,0,20
12605,5,0,20
12606,5,0,20
12607,5,0,20
12608,5,0,20
12609,5,0,20
12610,5,0,20
12611,5,0,20
12612,5,0,20
12613,5,0,20
12614,5,0,20
12615,5,0,20
12616,5,0,20
12617,5,0,20
12618,5,0,20
12619,5,0,20
12620,5,0,20
12621,5,0,20
12622,5,0,20
12623,5,0,20
12624,5,0,20
12625,5,0,20
12626,5,0,20
12627,5,0,20
12628,5,0,20
12629,5,0,20
12630,5,0,20
12631,5,0,20
12632,5,0,20
12633,5,0,20
12634,5,0,20
12635,5,0,20
12636,5,0,20
12637,5,0,20
12638,5,0,20
12639,5,0,20
12640,5,0,20
12641,5,0,20
12642,5,0,20
12643,5,0,20
12644,5,0,20
12645,5,0,20
12646,5,0,20
12647,5,0,20
12648,5,0,20
12649,5,0,20
12650,5,0,20
12651,5,0,20
12652,5,0,20
12653,5,0,20
12654,5,0,20
12655,5,0,20
12656,5,0,20
12657,5,0,20
12658,5,0,20
12659,5,0,20
12660,5,0,20
12661,5,0,20
12662,5,0,20
12663,5,0,20
12664,5,0,20
12665,5,0,20
12666,5,0,20
12667,5,0,20
12668,5,0,20
12669,5,0,20
12670,5,0,20
12671,5,0,20
12672,5,0,20
12673,5,0,20
12674,5,0,20
12675,5,0,20
12676,5,0,20
12677,5,0,20
12678,5,0,20
12679,5,0,20
12680,5,0,20
12681,5,0,20
12682,5,0,20
12683,5,0,20
12684,5,0,20
12685,5,0,20
12686,5,0,20
12687,5,0,20
12688,5,0,20
12689,5,0,20
12690,5,0,20
12691,5,0,20
12692,5,0,20
12693,5,0,20
12694,5,0,20
12695,5,0,20
12696,5,0,20
12697,5,0,20
12698,5,0,20
12699,5,0,20
12700,5,0,20
12701,5,0,20
12702,5,0,20
12703,5,0,20
12704,5,0,20
12705,5,0,20
12706,5,0,20
12707,5,0,20
12708,5,0,20
12709,5,0,20
12710,5,0,20
12711,5,0,20
12712,5,0,20
12713,5,0,20
12714,5,0,20
12715,5,0,20
12716,5,0,20
12717,5,0,20
12718,5,0,20
12719,5,0,20
12720,5,0,20
12721,5,0,20
12722,5,0,20
12723,5,0,20
12724,5,0,20
12725,5,0,20
12726,5,0,20
12727,5,0,20
12728,5,0,20
12729,5,0,20
12730,5,0,20
12731,5,0,20
12732,5,0,20
12733,5,0,20
12734,5,0,20
12735,5,0,20
12736,5,0,20
12737,5,0,20
12738,5,0,20
12739,5,0,20
12740,5,0,20
12741,5,0,20
12742,5,0,20
12743,5,0,20
12744,5,0,20
12745,5,0,20
12746,5,0,20
12747,5,0,20
12748,5,0,20
12749,5,0,20
12750,5,0,20
12751,5,0,20
12752,5,0,20
12753,5,0,20
12754,5,0,20
12755,5,0,20
12756,5,0,20
12757,5,0,20
12758,5,0,20
12759,5,0,20
12760,5,0,20
12761,5,0,20
12762,5,0,20
12763,5,0,20
12764,5,0,20
12765,5,0,20
12766,5,0,20
12767,5,0,20
12768,5,0,20
12769,5,0,20
12770,5,0,20
12771,5,0,20
12772,5,0,20
12773,5,0,20
12774,5,0,20
12775,5,0,20
12776,5,0,20
12777,5,0,20
12778,5,0,20
12779,5,0,20
12780,5,0,20
12781,5,0,20
12782,5,0,20
12783,5,0,20
12784,5,0,20
12785,5,0,20
12786,5,0,20
12787,5,0,20
12788,5,0,20
12789,5,0,20
12790,5,0,20
12791,5,0,20
12792,5,0,20
12793,5,0,20
12794,5,0,20
12795,5,0,20
12796,5,0,20
12797,5,0,20
12798,5,0,20
12799,5,0,20
12800,5,0,20
12801,5,0,20
12802,5,0,20
12803,5,0,20
12804,5,0,20
12805,5,0,20
12806,5,0,20
12807,5,0,20
12808,5,0,20
12809,5,0,20
12810,5,0,20
12811,5,0,20
12812,5,0,20
12813,5,0,20
12814,5,0,20
12815,5,0,20
12816,5,0,20
12817,5,0,20
12818,5,0,20
12819,5,0,20
12820,5,0,20
12821,5,0,20
12822,5,0,20
12823,5,0,20
12824,5,0,20
12825,5,0,20
12826,5,0,20
12827,5,0,20
12828,5,0,20
12829,5,0,20
12830,5,0,20
12831,5,0,20
12832,5,0,20
12833,5,0,20
12834,5,0,20
12835,5,0,20
12836,5,0,20
12837,5,0,20
12838,5,0,20
12839,5,0,20
12840,5,0,20
12841,5,0,20
12842,5,0,20
12843,5,0,20
12844,5,0,20
12845,5,0,20
12846,5,0,20
12847,5,0,20
12848,5,0,20
12849,5,0,20
12850,5,0,20
12851,5,0,20
12852,5,0,20
12853,5,0,20
12854,5,0,20
12855,5,0,20
12856,5,0,20
12857,5,0,20
12858,5,0,20
12859,5,0,20
12860,5,0,20
12861,5,0,20
12862,5,0,20
12863,5,0,20
12864,5,0,20
12865,5,0,20
12866,5,0,20
12867,5,0,20
12868,5,0,20
12869,5,0,20
12870,5,0,20
12871,5,0,20
12872,5,0,20
12873,5,0,20
12874,5,0,20
12875,5,0,20
12876,5,0,20
12877,5,0,20
12878,5,0,20
12879,5,0,20
12880,5,0,20
12881,5,0,20
12882,5,0,20
12883,5,0,20
12884,5,0,20
12885,5,0,20
12886,5,0,20
12887,5,0,20
12888,5,0,20
12889,5,0,20
12890,5,0,20
12891,5,0,20
12892,5,0,20
12893,5,0,20
12894,5,0,20
12895,5,0,20
12896,5,0,20
12897,5,0,20
12898,5,0,20
12899,5,0,20
12900,5,0,20
12901,5,0,20
12902,5,0,20
12903,5,0,20
12904,5,0,20
12905,5,0,20
12906,5,0,20
12907,5,0,20
12908,5,0,20
12909,5,0,20
12910,5,0,20
12911,5,0,20
12912,5,0,20
12913,5,0,20
12914,5,0,20
12915,5,0,20
12916,5,0,20
12917,5,0,20
12918,5,0,20
12919,5,0,20
12920,5,0,20
12921,5,0,20
12922,5,0,20
12923,5,0,20
12924,5,0,20
12925,5,0,20
12926,5,0,20
12927,5,0,20
12928,5,0,20
12929,5,0,20
12930,5,0,20
12931,5,0,20
12932,5,0,20
12933,5,0,20
12934,5,0,20
12935,5,0,20
12936,5,0,20
12937,5,0,20
12938,5,0,20
12939,5,0,20
12940,5,0,20
12941,5,0,20
12942,5,0,20
12943,5,0,20
12944,5,0,20
12945,5,0,20
12946,5,0,20
12947,5,0,20
12948,5,0,20
12949,5,0,20
12950,5,0,20
12951,5,0,20
12952,5,0,20
12953,5,0,20
12954,5,0,20
12955,5,0,20
12956,5,0,20
12957,5,0,20
12958,5,0,20
12959,5,0,20
12960,5,0,20
12961,5,0,20
12962,5,0,20
12963,5,0,20
12964,5,0,20
12965,5,0,20
12966,5,0,20
12967,5,0,20
12968,5,0,20
12969,5,0,20
12970,5,0,20
12971,5,0,20
12972,5,0,20
12973,5,0,20
12974,5,0,20
12975,5,0,20
12976,5,0,20
12977,5,0,20
12978,5,0,20
12979,5,0,20
12980,5,0,20
12981,5,0,20
12982,5,0,20
12983,5,0,20
12984,5,0,20
12985,5,0,20
12986,5,0,20
12987,5,0,20
12988,5,0,20
12989,5,0,20
12990,5,0,20
12991,5,0,20
12992,5,0,20
12993,5,0,20
12994,5,0,20
12995,5,0,20
12996,5,0,20
12997,5,0,20
12998,5,0,20
12999,5,0,20
13000,5,0,20
13001,5,0,20
13002,5,0,20
13003,5,0,20
13004,5,0,20
13005,5,0,20
13006,5,0,20
13007,5,0,20
13008,5,0,20
13009,5,0,20
13010,5,0,20
13011,5,0,20
13012,5,0,20
13013,5,0,20
13014,5,0,20
13015,5,0,20
13016,5,0,20
13017,5,0,20
13018,5,0,20
13019,5,0,20
13020,5,0,20
13021,5,0,20
13022,5,0,20
13023,5,0,20
13024,5,0,20
13025,5,0,20
13026,5,0,20
13027,5,0,20
13028,5,0,20
13029,5,0,20
13030,5,0,20
13031,5,0,20
13032,5,0,20
13033,5,0,20
13034,5,0,20
13035,5,0,20
13036,5,0,20
13037,5,0,20
13038,5,0,20
13039,5,0,20
13040,5,0,20
13041,5,0,20
13042,5,0,20
13043,5,0,20
13044,5,0,20
13045,5,0,20
13046,5,0,20
13047,5,0,20
13048,5,0,20
13049,5,0,20
13050,5,0,20
13051,5,0,20
13052,5,0,20
13053,5,0,20
13054,5,0,20
13055,5,0,20
13056,5,0,20
13057,5,0,20
13058,5,0,20
13059,5,0,20
13060,5,0,20
13061,5,0,20
13062,5,0,20
13063,5,0,20
13064,5,0,20
13065,5,0,20
13066,5,0,20
13067,5,0,20
13068,5,0,20
13069,5,0,20
13070,5,0,20
13071,5,0,20
13072,5,0,20
13073,5,0,20
13074,5,0,20
13075,5,0,20
13076,5,0,20
13077,5,0,20
13078,5,0,20
13079,5,0,20
13080,5,0,20
13081,5,0,20
13082,5,0,20
13083,5,0,20
13084,5,0,20
13085,5,0,20
13086,5,0,20
13087,5,0,20
13088,5,0,20
13089,5,0,20
13090,5,0,20
13091,5,0,20
13092,5,0,20
13093,5,0,20
13094,5,0,20
13095,5,0,20
13096,5,0,20
13097,5,0,20
13098,5,0,20
13099,5,0,20
13100,5,0,20
13101,5,0,20
13102,5,0,20
13103,5,0,20
13104,5,0,20
13105,5,0,20
13106,5,0,20
13107,5,0,20
13108,5,0,20
13109,5,0,20
13110,5,0,20
13111,5,0,20
13112,5,0,20
13113,5,0,20
13114,5,0,20
13115,5,0,20
13116,5,0,20
13117,5,0,20
13118,5,0,20
13119,5,0,20
13120,5,0,20
13121,5,0,20
13122,5,0,20
13123,5,0,20
13124,5,0,20
13125,5,0,20
13126,5,0,20
13127,5,0,20
13128,5,0,20
13129,5,0,20
13130,5,0,20
13131,5,0,20
13132,5,0,20
13133,5,0,20
13134,5,0,20
13135,5,0,20
13136,5,0,20
13137,5,0,20
13138,5,0,20
13139,5,0,20
13140,5,0,20
13141,5,0,20
13142,5,0,20
13143,5,0,20
13144,5,0,20
13145,5,0,20
13146,5,0,20
13147,5,0,20
13148,5,0,20
13149,5,0,20
13150,5,0,20
13151,5,0,20
13152,5,0,20
13153,5,0,20
13154,5,0,20
13155,5,0,20
13156,5,0,20
13157,5,0,20
13158,5,0,20
13159,5,0,20
13160,5,0,20
13161,5,0,20
13162,5,0,20
13163,5,0,20
13164,5,0,20
13165,5,0,20
13166,5,0,20
13167,5,0,20
13168,5,0,20
13169,5,0,20
13170,5,0,20
13171,5,0,20
13172,5,0,20
13173,5,0,20
13174,5,0,20
13175,5,0,20
13176,5,0,20
13177,5,0,20
13178,5,0,20
13179,5,0,20
13180,5,0,20
13181,5,0,20
13182,5,0,20
13183,5,0,20
13184,5,0,20
13185,5,0,20
13186,5,0,20
13187,5,0,20
13188,5,0,20
13189,5,0,20
13190,5,0,20
13191,5,0,20
13192,5,0,20
13193,5,0,20
13194,5,0,20
13195,5,0,20
13196,5,0,20
13197,5,0,20
13198,5,0,20
13199,5,0,20
13200,5,0,20
13201,5,0,20
13202,5,0,20
13203,5,0,20
13204,5,0,20
13205,5,0,20
13206,5,0,20
13207,5,0,20
13208,5,0,20
13209,5,0,20
13210,5,0,20
13211,5,0,20
13212,5,0,20
13213,5,0,20
13214,5,0,20
13215,5,0,20
13216,5,0,20
13217,5,0,20
13218,5,0,20
13219,5,0,20
13220,5,0,20
13221,5,0,20
13222,5,0,20
13223,5,0,20
13224,5,0,20
13225,5,0,20
13226,5,0,20
13227,5,0,20
13228,5,0,20
13229,5,0,20
13230,5,0,20
13231,5,0,20
13232,5,0,20
13233,5,0,20
13234,5,0,20
13235,5,0,20
13236,5,0,20
13237,5,0,20
13238,5,0,20
13239,5,0,20
13240,5,0,20
13241,5,0,20
13242,5,0,20
13243,5,0,20
13244,5,0,20
13245,5,0,20
13246,5,0,20
13247,5,0,20
13248,5,0,20
13249,5,0,20
13250,5,0,20
13251,5,0,20
13252,5,0,20
13253,5,0,20
13254,5,0,20
13255,5,0,20
13256,5,0,20
13257,5,0,20
13258,5,0,20
13259,5,0,20
13260,5,0,20
13261,5,0,20
13262,5,0,20
13263,5,0,20
13264,5,0,20
13265,5,0,20
13266,5,0,20
13267,5,0,20
13268,5,0,20
13269,5,0,20
13270,5,0,20
13271,5,0,20
13272,5,0,20
13273,5,0,20
13274,5,0,20
13275,5,0,20
13276,5,0,20
13277,5,0,20
13278,5,0,20
13279,5,0,20
13280,5,0,20
13281,5,0,20
13282,5,0,20
13283,5,0,20
13284,5,0,20
13285,5,0,20
13286,5,0,20
13287,5,0,20
13288,5,0,20
13289,5,0,20
13290,5,0,20
13291,5,0,20
13292,5,0,20
13293,5,0,20
13294,5,0,20
13295,5,0,20
13296,5,0,20
13297,5,0,20
13298,5,0,20
13299,5,0,20
13300,5,0,20
13301,5,0,20
13302,5,0,20
13303,5,0,20
13304,5,0,20
13305,5,0,20
13306,5,0,20
13307,5,0,20
13308,5,0,20
13309,5,0,20
13310,5,0,20
13311,5,0,20
13312,5,0,20
13313,5,0,20
13314,5,0,20
13315,5,0,20
13316,5,0,20
13317,5,0,20
13318,5,0,20
13319,5,0,20
13320,5,0,20
13321,5,0,20
13322,5,0,20
13323,5,0,20
13324,5,0,20
13325,5,0,20
13326,5,0,20
13327,5,0,20
13328,5,0,20
13329,5,0,20
13330,5,0,20
13331,5,0,20
13332,5,0,20
13333,5,0,20
13334,5,0,20
13335,5,0,20
13336,5,0,20
13337,5,0,20
13338,5,0,20
13339,5,0,20
13340,5,0,20
13341,5,0,20
13342,5,0,20
13343,5,0,20
13344,5,0,20
13345,5,0,20
13346,5,0,20
13347,5,0,20
13348,5,0,20
13349,5,0,20
13350,5,0,20
13351,5,0,20
13352,5,0,20
13353,5,0,20
13354,5,0,20
13355,5,0,20
13356,5,0,20
13357,5,0,20
13358,5,0,20
13359,5,0,20
13360,5,0,20
13361,5,0,20
13362,5,0,20
13363,5,0,20
13364,5,0,20
13365,5,0,20
13366,5,0,20
13367,5,0,20
13368,5,0,20
13369,5,0,20
13370,5,0,20
13371,5,0,20
13372,5,0,20
13373,5,0,20
13374,5,0,20
13375,5,0,20
13376,5,0,20
13377,5,0,20
13378,5,0,20
13379,5,0,20
13380,5,0,20
13381,5,0,20
13382,5,0,20
13383,5,0,20
13384,5,0,20
13385,5,0,20
13386,5,0,20
13387,5,0,20
13388,5,0,20
13389,5,0,20
13390,5,0,20
13391,5,0,20
13392,5,0,20
13393,5,0,20
13394,5,0,20
13395,5,0,20
13396,5,0,20
13397,5,0,20
13398,5,0,20
13399,5,0,20
13400,5,0,20
13401,5,0,20
13402,5,0,20
13403,5,0,20
13404,5,0,20
13405,5,0,20
13406,5,0,20
13407,5,0,20
13408,5,0,20
13409,5,0,20
13410,5,0,20
13411,5,0,20
13412,5,0,20
13413,5,0,20
13414,5,0,20
13415,5,0,20
13416,5,0,20
13417,5,0,20
13418,5,0,20
13419,5,0,20
13420,5,0,20
13421,5,0,20
13422,5,0,20
13423,5,0,20
13424,5,0,20
13425,5,0,20
13426,5,0,20
13427,5,0,20
13428,5,0,20
13429,5,0,20
13430,5,0,20
13431,5,0,20
13432,5,0,20
13433,5,0,20
13434,5,0,20
13435,5,0,20
13436,5,0,20
13437,5,0,20
13438,5,0,20
13439,5,0,20
13440,5,0,20
13441,5,0,20
13442,5,0,20
13443,5,0,20
13444,5,0,20
13445,5,0,20
13446,5,0,20
13447,5,0,20
13448,5,0,20
13449,5,0,20
13450,5,0,20
13451,5,0,20
13452,5,0,20
13453,5,0,20
13454,5,0,20
13455,5,0,20
13456,5,0,20
13457,5,0,20
13458,5,0,20
13459,5,0,20
13460,5,0,20
13461,5,0,20
13462,5,0,20
13463,5,0,20
13464,5,0,20
13465,5,0,20
13466,5,0,20
13467,5,0,20
13468,5,0,20
13469,5,0,20
13470,5,0,20
13471,5,0,20
13472,5,0,20
13473,5,0,20
13474,5,0,20
13475,5,0,20
13476,5,0,20
13477,5,0,20
13478,5,0,20
13479,5,0,20
13480,5,0,20
13481,5,0,20
13482,5,0,20
13483,5,0,20
13484,5,0,20
13485,5,0,20
13486,5,0,20
13487,5,0,20
13488,5,0,20
13489,5,0,20
13490,5,0,20
13491,5,0,20
13492,5,0,20
13493,5,0,20
13494,5,0,20
13495,5,0,20
13496,5,0,20
13497,5,0,20
13498,5,0,20
13499,5,0,20
13500,5,0,20
13501,5,0,20
13502,5,0,20
13503,5,0,20
13504,5,0,20
13505,5,0,20
13506,5,0,20
13507,5,0,20
13508,5,0,20
13509,5,0,20
13510,5,0,20
13511,5,0,20
13512,5,0,20
13513,5,0,20
13514,5,0,20
13515,5,0,20
13516,5,0,20
13517,5,0,20
13518,5,0,20
13519,5,0,20
13520,5,0,20
13521,5,0,20
13522,5,0,20
13523,5,0,20
13524,5,0,20
13525,5,0,20
13526,5,0,20
13527,5,0,20
13528,5,0,20
13529,5,0,20
13530,5,0,20
13531,5,0,20
13532,5,0,20
13533,5,0,20
13534,5,0,20
13535,5,0,20
13536,5,0,20
13537,5,0,20
13538,5,0,20
13539,5,0,20
13540,5,0,20
13541,5,0,20
13542,5,0,20
13543,5,0,20
13544,5,0,20
13545,5,0,20
13546,5,0,20
13547,5,0,20
13548,5,0,20
13549,5,0,20
13550,5,0,20
13551,5,0,20
13552,5,0,20
13553,5,0,20
13554,5,0,20
13555,5,0,20
13556,5,0,20
13557,5,0,20
13558,5,0,20
13559,5,0,20
13560,5,0,20
13561,5,0,20
13562,5,0,20
13563,5,0,20
13564,5,0,20
13565,5,0,20
13566,5,0,20
13567,5,0,20
13568,5,0,20
13569,5,0,20
13570,5,0,20
13571,5,0,20
13572,5,0,20
13573,5,0,20
13574,5,0,20
13575,5,0,20
13576,5,0,20
13577,5,0,20
13578,5,0,20
13579,5,0,20
13580,5,0,20
13581,5,0,20
13582,5,0,20
13583,5,0,20
13584,5,0,20
13585,5,0,20
13586,5,0,20
13587,5,0,20
13588,5,0,20
13589,5,0,20
13590,5,0,20
13591,5,0,20
13592,5,0,20
13593,5,0,20
13594,5,0,20
13595,5,0,20
13596,5,0,20
13597,5,0,20
13598,5,0,20
13599,5,0,20
13600,5,0,20
13601,5,0,20
13602,5,0,20
13603,5,0,20
13604,5,0,20
13605,5,0,20
13606,5,0,20
13607,5,0,20
13608,5,0,20
13609,5,0,20
13610,5,0,20
13611,5,0,20
13612,5,0,20
13613,5,0,20
13614,5,0,20
13615,5,0,20
13616,5,0,20
13617,5,0,20
13618,5,0,20
13619,5,0,20
13620,5,0,20
13621,5,0,20
13622,5,0,20
13623,5,0,20
13624,5,0,20
13625,5,0,20
13626,5,0,20
13627,5,0,20
13628,5,0,20
13629,5,0,20
13630,5,0,20
13631,5,0,20
13632,5,0,20
13633,5,0,20
13634,5,0,20
13635,5,0,20
13636,5,0,20
13637,5,0,20
13638,5,0,20
13639,5,0,20
13640,5,0,20
13641,5,0,20
13642,5,0,20
13643,5,0,20
13644,5,0,20
13645,5,0,20
13646,5,0,20
13647,5,0,20
13648,5,0,20
13649,5,0,20
13650,5,0,20
13651,5,0,20
13652,5,0,20
13653,5,0,20
13654,5,0,20
13655,5,0,20
13656,5,0,20
13657,5,0,20
13658,5,0,20
13659,5,0,20
13660,5,0,20
13661,5,0,20
13662,5,0,20
13663,5,0,20
13664,5,0,20
13665,5,0,20
13666,5,0,20
13667,5,0,20
13668,5,0,20
13669,5,0,20
13670,5,0,20
13671,5,0,20
13672,5,0,20
13673,5,0,20
13674,5,0,20
13675,5,0,20
13676,5,0,20
13677,5,0,20
13678,5,0,20
13679,5,0,20
13680,5,0,20
13681,5,0,20
13682,5,0,20
13683,5,0,20
13684,5,0,20
13685,5,0,20
13686,5,0,20
13687,5,0,20
13688,5,0,20
13689,5,0,20
13690,5,0,20
13691,5,0,20
13692,5,0,20
13693,5,0,20
13694,5,0,20
13695,5,0,20
13696,5,0,20
13697,5,0,20
13698,5,0,20
13699,5,0,20
13700,5,0,20
13701,5,0,20
13702,5,0,20
13703,5,0,20
13704,5,0,20
13705,5,0,20
13706,5,0,20
13707,5,0,20
13708,5,0,20
13709,5,0,20
13710,5,0,20
13711,5,0,20
13712,5,0,20
13713,5,0,20
13714,5,0,20
13715,5,0,20
13716,5,0,20
13717,5,0,20
13718,5,0,20
13719,5,0,20
13720,5,0,20
13721,5,0,20
13722,5,0,20
13723,5,0,20
13724,5,0,20
13725,5,0,20
13726,5,0,20
13727,5,0,20
13728,5,0,20
13729,5,0,20
13730,5,0,20
13731,5,0,20
13732,5,0,20
13733,5,0,20
13734,5,0,20
13735,5,0,20
13736,5,0,20
13737,5,0,20
13738,5,0,20
13739,5,0,20
13740,5,0,20
13741,5,0,20
13742,5,0,20
13743,5,0,20
13744,5,0,20
13745,5,0,20
13746,5,0,20
13747,5,0,20
13748,5,0,20
13749,5,0,20
13750,5,0,20
13751,5,0,20
13752,5,0,20
13753,5,0,20
13754,5,0,20
13755,5,0,20
13756,5,0,20
13757,5,0,20
13758,5,0,20
13759,5,0,20
13760,5,0,20
13761,5,0,20
13762,5,0,20
13763,5,0,20
13764,5,0,20
13765,5,0,20
13766,5,0,20
13767,5,0,20
13768,5,0,20
13769,5,0,20
13770,5,0,20
13771,5,0,20
13772,5,0,20
13773,5,0,20
13774,5,0,20
13775,5,0,20
13776,5,0,20
13777,5,0,20
13778,5,0,20
13779,5,0,20
13780,5,0,20
13781,5,0,20
13782,5,0,20
13783,5,0,20
13784,5,0,20
13785,5,0,20
13786,5,0,20
13787,5,0,20
13788,5,0,20
13789,5,0,20
13790,5,0,20
13791,5,0,20
13792,5,0,20
13793,5,0,20
13794,5,0,20
13795,5,0,20
13796,5,0,20
13797,5,0,20
13798,5,0,20
13799,5,0,20
13800,5,0,20
13801,5,0,20
13802,5,0,20
13803,5,0,20
13804,5,0,20
13805,5,0,20
13806,5,0,20
13807,5,0,20
13808,5,0,20
13809,5,0,20
13810,5,0,20
13811,5,0,20
13812,5,0,20
13813,5,0,20
13814,5,0,20
13815,5,0,20
13816,5,0,20
13817,5,0,20
13818,5,0,20
13819,5,0,20
13820,5,0,20
13821,5,0,20
13822,5,0,20
13823,5,0,20
13824,5,0,20
13825,5,0,20
13826,5,0,20
13827,5,0,20
13828,5,0,20
13829,5,0,20
13830,5,0,20
13831,5,0,20
13832,5,0,20
13833,5,0,20
13834,5,0,20
13835,5,0,20
13836,5,0,20
13837,5,0,20
13838,5,0,20
13839,5,0,20
13840,5,0,20
13841,5,0,20
13842,5,0,20
13843,5,0,20
13844,5,0,20
13845,5,0,20
13846,5,0,20
13847,5,0,20
13848,5,0,20
13849,5,0,20
13850,5,0,20
13851,5,0,20
13852,5,0,20
13853,5,0,20
13854,5,0,20
13855,5,0,20
13856,5,0,20
13857,5,0,20
13858,5,0,20
13859,5,0,20
13860,5,0,20
13861,5,0,20
13862,5,0,20
13863,5,0,20
13864,5,0,20
13865,5,0,20
13866,5,0,20
13867,5,0,20
13868,5,0,20
13869,5,0,20
13870,5,0,20
13871,5,0,20
13872,5,0,20
13873,5,0,20
13874,5,0,20
13875,5,0,20
13876,5,0,20
13877,5,0,20
13878,5,0,20
13879,5,0,20
13880,5,0,20
13881,5,0,20
13882,5,0,20
13883,5,0,20
13884,5,0,20
13885,5,0,20
13886,5,0,20
13887,5,0,20
13888,5,0,20
13889,5,0,20
13890,5,0,20
13891,5,0,20
13892,5,0,20
13893,5,0,20
13894,5,0,20
13895,5,0,20
13896,5,0,20
13897,5,0,20
13898,5,0,20
13899,5,0,20
13900,5,0,20
13901,5,0,20
13902,5,0,20
13903,5,0,20
13904,5,0,20
13905,5,0,20
13906,5,0,20
13907,5,0,20
13908,5,0,20
13909,5,0,20
13910,5,0,20
13911,5,0,20
13912,5,0,20
13913,5,0,20
13914,5,0,20
13915,5,0,20
13916,5,0,20
13917,5,0,20
13918,5,0,20
13919,5,0,20
13920,5,0,20
13921,5,0,20
13922,5,0,20
13923,5,0,20
13924,5,0,20
13925,5,0,20
13926,5,0,20
13927,5,0,20
13928,5,0,20
13929,5,0,20
13930,5,0,20
13931,5,0,20
13932,5,0,20
13933,5,0,20
13934,5,0,20
13935,5,0,20
13936,5,0,20
13937,5,0,20
13938,5,0,20
13939,5,0,20
13940,5,0,20
13941,5,0,20
13942,5,0,20
13943,5,0,20
13944,5,0,20
13945,5,0,20
13946,5,0,20
13947,5,0,20
13948,5,0,20
13949,5,0,20
13950,5,0,20
13951,5,0,20
13952,5,0,20
13953,5,0,20
13954,5,0,20
13955,5,0,20
13956,5,0,20
13957,5,0,20
13958,5,0,20
13959,5,0,20
13960,5,0,20
13961,5,0,20
13962,5,0,20
13963,5,0,20
13964,5,0,20
13965,5,0,20
13966,5,0,20
13967,5,0,20
13968,5,0,20
13969,5,0,20
13970,5,0,20
13971,5,0,20
13972,5,0,20
13973,5,0,20
13974,5,0,20
13975,5,0,20
13976,5,0,20
13977,5,0,20
13978,5,0,20
13979,5,0,20
13980,5,0,20
13981,5,0,20
13982,5,0,20
13983,5,0,20
13984,5,0,20
13985,5,0,20
13986,5,0,20
13987,5,0,20
13988,5,0,20
13989,5,0,20
13990,5,0,20
13991,5,0,20
13992,5,0,20
13993,5,0,20
13994,5,0,20
13995,5,0,20
13996,5,0,20
13997,5,0,20
13998,5,0,20
13999,5,0,20
14000,5,0,20
14001,5,0,20
14002,5,0,20
14003,5,0,20
14004,5,0,20
14005,5,0,20
14006,5,0,20
14007,5,0,20
14008,5,0,20
14009,5,0,20
14010,5,0,20
14011,5,0,20
14012,5,0,20
14013,5,0,20
14014,5,0,20
14015,5,0,20
14016,5,0,20
14017,5,0,20
14018,5,0,20
14019,5,0,20
14020,5,0,20
14021,5,0,20
14022,5,0,20
14023,5,0,20
14024,5,0,20
14025,5,0,20
14026,5,0,20
14027,5,0,20
14028,5,0,20
14029,5,0,20
14030,5,0,20
14031,5,0,20
14032,5,0,20
14033,5,0,20
14034,5,0,20
14035,5,0,20
14036,5,0,20
14037,5,0,20
14038,5,0,20
14039,5,0,20
14040,5,0,20
14041,5,0,20
14042,5,0,20
14043,5,0,20
14044,5,0,20
14045,5,0,20
14046,5,0,20
14047,5,0,20
14048,5,0,20
14049,5,0,20
14050,5,0,20
14051,5,0,20
14052,5,0,20
14053,5,0,20
14054,5,0,20
14055,5,0,20
14056,5,0,20
14057,5,0,20
14058,5,0,20
14059,5,0,20
14060,5,0,20
14061,5,0,20
14062,5,0,20
14063,5,0,20
14064,5,0,20
14065,5,0,20
14066,5,0,20
14067,5,0,20
14068,5,0,20
14069,5,0,20
14070,5,0,20
14071,5,0,20
14072,5,0,20
14073,5,0,20
14074,5,0,20
14075,5,0,20
14076,5,0,20
14077,5,0,20
14078,5,0,20
14079,5,0,20
14080,5,0,20
14081,5,0,20
14082,5,0,20
14083,5,0,20
14084,5,0,20
14085,5,0,20
14086,5,0,20
14087,5,0,20
14088,5,0,20
14089,5,0,20
14090,5,0,20
14091,5,0,20
14092,5,0,20
14093,5,0,20
14094,5,0,20
14095,5,0,20
14096,5,0,20
14097,5,0,20
14098,5,0,20
14099,5,0,20
14100,5,0,20
14101,5,0,20
14102,5,0,20
14103,5,0,20
14104,5,0,20
14105,5,0,20
14106,5,0,20
14107,5,0,20
14108,5,0,20
14109,5,0,20
14110,5,0,20
14111,5,0,20
14112,5,0,20
14113,5,0,20
14114,5,0,20
14115,5,0,20
14116,5,0,20
14117,5,0,20
14118,5,0,20
14119,5,0,20
14120,5,0,20
14121,5,0,20
14122,5,0,20
14123,5,0,20
14124,5,0,20
14125,5,0,20
14126,5,0,20
14127,5,0,20
14128,5,0,20
14129,5,0,20
14130,5,0,20
14131,5,0,20
14132,5,0,20
14133,5,0,20
14134,5,0,20
14135,5,0,20
14136,5,0,20
14137,5,0,20
14138,5,0,20
14139,5,0,20
14140,5,0,20
14141,5,0,20
14142,5,0,20
14143,5,0,20
14144,5,0,20
14145,5,0,20
14146,5,0,20
14147,5,0,20
14148,5,0,20
14149,5,0,20
14150,5,0,20
14151,5,0,20
14152,5,0,20
14153,5,0,20
14154,5,0,20
14155,5,0,20
14156,5,0,20
14157,5,0,20
14158,5,0,20
14159,5,0,20
14160,5,0,20
14161,5,0,20
14162,5,0,20
14163,5,0,20
14164,5,0,20
14165,5,0,20
14166,5,0,20
14167,5,0,20
14168,5,0,20
14169,5,0,20
14170,5,0,20
14171,5,0,20
14172,5,0,20
14173,5,0,20
14174,5,0,20
14175,5,0,20
14176,5,0,20
14177,5,0,20
14178,5,0,20
14179,5,0,20
14180,5,0,20
14181,5,0,20
14182,5,0,20
14183,5,0,20
14184,5,0,20
14185,5,0,20
14186,5,0,20
14187,5,0,20
14188,5,0,20
14189,5,0,20
14190,5,0,20
14191,5,0,20
14192,5,0,20
14193,5,0,20
14194,5,0,20
14195,5,0,20
14196,5,0,20
14197,5,0,20
14198,5,0,20
14199,5,0,20
14200,5,0,20
14201,5,0,20
14202,5,0,20
14203,5,0,20
14204,5,0,20
14205,5,0,20
14206,5,0,20
14207,5,0,20
14208,5,0,20
14209,5,0,20
14210,5,0,20
14211,5,0,20
14212,5,0,20
14213,5,0,20
14214,5,0,20
14215,5,0,20
14216,5,0,20
14217,5,0,20
14218,5,0,20
14219,5,0,20
14220,5,0,20
14221,5,0,20
14222,5,0,20
14223,5,0,20
14224,5,0,20
14225,5,0,20
14226,5,0,20
14227,5,0,20
14228,5,0,20
14229,5,0,20
14230,5,0,20
14231,5,0,20
14232,5,0,20
14233,5,0,20
14234,5,0,20
14235,5,0,20
14236,5,0,20
14237,5,0,20
14238,5,0,20
14239,5,0,20
14240,5,0,20
14241,5,0,20
14242,5,0,20
14243,5,0,20
14244,5,0,20
14245,5,0,20
14246,5,0,20
14247,5,0,20
14248,5,0,20
14249,5,0,20
14250,5,0,20
14251,5,0,20
14252,5,0,20
14253,5,0,20
14254,5,0,20
14255,5,0,20
14256,5,0,20
14257,5,0,20
14258,5,0,20
14259,5,0,20
14260,5,0,20
14261,5,0,20
14262,5,0,20
14263,5,0,20
14264,5,0,20
14265,5,0,20
14266,5,0,20
14267,5,0,20
14268,5,0,20
14269,5,0,20
14270,5,0,20
14271,5,0,20
14272,5,0,20
14273,5,0,20
14274,5,0,20
14275,5,0,20
14276,5,0,20
14277,5,0,20
14278,5,0,20
14279,5,0,20
14280,5,0,20
14281,5,0,20
14282,5,0,20
14283,5,0,20
14284,5,0,20
14285,5,0,20
14286,5,0,20
14287,5,0,20
14288,5,0,20
14289,5,0,20
14290,5,0,20
14291,5,0,20
14292,5,0,20
14293,5,0,20
14294,5,0,20
14295,5,0,20
14296,5,0,20
14297,5,0,20
14298,5,0,20
14299,5,0,20
14300,5,0,20
14301,5,0,20
14302,5,0,20
14303,5,0,20
14304,5,0,20
14305,5,0,20
14306,5,0,20
14307,5,0,20
14308,5,0,20
14309,5,0,20
14310,5,0,20
14311,5,0,20
14312,5,0,20
14313,5,0,20
14314,5,0,20
14315,5,0,20
14316,5,0,20
14317,5,0,20
14318,5,0,20
14319,5,0,20
14320,5,0,20
14321,5,0,20
14322,5,0,20
14323,5,0,20
14324,5,0,20
14325,5,0,20
14326,5,0,20
14327,5,0,20
14328,5,0,20
14329,5,0,20
14330,5,0,20
14331,5,0,20
14332,5,0,20
14333,5,0,20
14334,5,0,20
14335,5,0,20
14336,5,0,20
14337,5,0,20
14338,5,0,20
14339,5,0,20
14340,5,0,20
14341,5,0,20
14342,5,0,20
14343,5,0,20
14344,5,0,20
14345,5,0,20
14346,5,0,20
14347,5,0,20
14348,5,0,20
14349,5,0,20
14350,5,0,20
14351,5,0,20
14352,5,0,20
14353,5,0,20
14354,5,0,20
14355,5,0,20
14356,5,0,20
14357,5,0,20
14358,5,0,20
14359,5,0,20
14360,5,0,20
14361,5,0,20
14362,5,0,20
14363,5,0,20
14364,5,0,20
14365,5,0,20
14366,5,0,20
14367,5,0,20
14368,5,0,20
14369,5,0,20
14370,5,0,20
14371,5,0,20
14372,5,0,20
14373,5,0,20
14374,5,0,20
14375,5,0,20
14376,5,0,20
14377,5,0,20
14378,5,0,20
14379,5,0,20
14380,5,0,20
14381,5,0,20
14382,5,0,20
14383,5,0,20
14384,5,0,20
14385,5,0,20
14386,5,0,20
14387,5,0,20
14388,5,0,20
14389,5,0,20
14390,5,0,20
14391,5,0,20
14392,5,0,20
14393,5,0,20
14394,5,0,20
14395,5,0,20
14396,5,0,20
14397,5,0,20
14398,5,0,20
14399,5,0,20
14400,5,0,20
14401,5,0,20
14402,5,0,20
14403,5,0,20
14404,5,0,20
14405,5,0,20
14406,5,0,20
14407,5,0,20
14408,5,0,20
14409,5,0,20
14410,5,0,20
14411,5,0,20
14412,5,0,20
14413,5,0,20
14414,5,0,20
14415,5,0,20
14416,5,0,20
14417,5,0,20
14418,5,0,20
14419,5,0,20
14420,5,0,20
14421,5,0,20
14422,5,0,20
14423,5,0,20
14424,5,0,20
14425,5,0,20
14426,5,0,20
14427,5,0,20
14428,5,0,20
14429,5,0,20
14430,5,0,20
14431,5,0,20
14432,5,0,20
14433,5,0,20
14434,5,0,20
14435,5,0,20
14436,5,0,20
14437,5,0,20
14438,5,0,20
14439,5,0,20
14440,5,0,20
14441,5,0,20
14442,5,0,20
14443,5,0,20
14444,5,0,20
14445,5,0,20
14446,5,0,20
14447,5,0,20
14448,5,0,20
14449,5,0,20
14450,5,0,20
14451,5,0,20
14452,5,0,20
14453,5,0,20
14454,5,0,20
14455,5,0,20
14456,5,0,20
14457,5,0,20
14458,5,0,20
14459,5,0,20
14460,5,0,20
14461,5,0,20
14462,5,0,20
14463,5,0,20
14464,5,0,20
14465,5,0,20
14466,5,0,20
14467,5,0,20
14468,5,0,20
14469,5,0,20
14470,5,0,20
14471,5,0,20
14472,5,0,20
14473,5,0,20
14474,5,0,20
14475,5,0,20
14476,5,0,20
14477,5,0,20
14478,5,0,20
14479,5,0,20
14480,5,0,20
14481,5,0,20
14482,5,0,20
14483,5,0,20
14484,5,0,20
14485,5,0,20
14486,5,0,20
14487,5,0,20
14488,5,0,20
14489,5,0,20
14490,5,0,20
14491,5,0,20
14492,5,0,20
14493,5,0,20
14494,5,0,20
14495,5,0,20
14496,5,0,20
14497,5,0,20
14498,5,0,20
14499,5,0,20
14500,5,0,20
14501,5,0,20
14502,5,0,20
14503,5,0,20
14504,5,0,20
14505,5,0,20
14506,5,0,20
14507,5,0,20
14508,5,0,20
14509,5,0,20
14510,5,0,20
14511,5,0,20
14512,5,0,20
14513,5,0,20
14514,5,0,20
14515,5,0,20
14516,5,0,20
14517,5,0,20
14518,5,0,20
14519,5,0,20
14520,5,0,20
14521,5,0,20
14522,5,0,20
14523,5,0,20
14524,5,0,20
14525,5,0,20
14526,5,0,20
14527,5,0,20
14528,5,0,20
14529,5,0,20
14530,5,0,20
14531,5,0,20
14532,5,0,20
14533,5,0,20
14534,5,0,20
14535,5,0,20
14536,5,0,20
14537,5,0,20
14538,5,0,20
14539,5,0,20
14540,5,0,20
14541,5,0,20
14542,5,0,20
14543,5,0,20
14544,5,0,20
14545,5,0,20
14546,5,0,20
14547,5,0,20
14548,5,0,20
14549,5,0,20
14550,5,0,20
14551,5,0,20
14552,5,0,20
14553,5,0,20
14554,5,0,20
14555,5,0,20
14556,5,0,20
14557,5,0,20
14558,5,0,20
14559,5,0,20
14560,5,0,20
14561,5,0,20
14562,5,0,20
14563,5,0,20
14564,5,0,20
14565,5,0,20
14566,5,0,20
14567,5,0,20
14568,5,0,20
14569,5,0,20
14570,5,0,20
14571,5,0,20
14572,5,0,20
14573,5,0,20
14574,5,0,20
14575,5,0,20
14576,5,0,20
14577,5,0,20
14578,5,0,20
14579,5,0,20
14580,5,0,20
14581,5,0,20
14582,5,0,20
14583,5,0,20
14584,5,0,20
14585,5,0,20
14586,5,0,20
14587,5,0,20
14588,5,0,20
14589,5,0,20
14590,5,0,20
14591,5,0,20
14592,5,0,20
14593,5,0,20
14594,5,0,20
14595,5,0,20
14596,5,0,20
14597,5,0,20
14598,5,0,20
14599,5,0,20
14600,5,0,20
14601,5,0,20
14602,5,0,20
14603,5,0,20
14604,5,0,20
14605,5,0,20
14606,5,0,20
14607,5,0,20
14608,5,0,20
14609,5,0,20
14610,5,0,20
14611,5,0,20
14612,5,0,20
14613,5,0,20
14614,5,0,20
14615,5,0,20
14616,5,0,20
14617,5,0,20
14618,5,0,20
14619,5,0,20
14620,5,0,20
14621,5,0,20
14622,5,0,20
14623,5,0,20
14624,5,0,20
14625,5,0,20
14626,5,0,20
14627,5,0,20
14628,5,0,20
14629,5,0,20
14630,5,0,20
14631,5,0,20
14632,5,0,20
14633,5,0,20
14634,5,0,20
14635,5,0,20
14636,5,0,20
14637,5,0,20
14638,5,0,20
14639,5,0,20
14640,5,0,20
14641,5,0,20
14642,5,0,20
14643,5,0,20
14644,5,0,20
14645,5,0,20
14646,5,0,20
14647,5,0,20
14648,5,0,20
14649,5,0,20
14650,5,0,20
14651,5,0,20
14652,5,0,20
14653,5,0,20
14654,5,0,20
14655,5,0,20
14656,5,0,20
14657,5,0,20
14658,5,0,20
14659,5,0,20
14660,5,0,20
14661,5,0,20
14662,5,0,20
14663,5,0,20
14664,5,0,20
14665,5,0,20
14666,5,0,20
14667,5,0,20
14668,5,0,20
14669,5,0,20
14670,5,0,20
14671,5,0,20
14672,5,0,20
14673,5,0,20
14674,5,0,20
14675,5,0,20
14676,5,0,20
14677,5,0,20
14678,5,0,20
14679,5,0,20
14680,5,0,20
14681,5,0,20
14682,5,0,20
14683,5,0,20
14684,5,0,20
14685,5,0,20
14686,5,0,20
14687,5,0,20
14688,5,0,20
14689,5,0,20
14690,5,0,20
14691,5,0,20
14692,5,0,20
14693,5,0,20
14694,5,0,20
14695,5,0,20
14696,5,0,20
14697,5,0,20
14698,5,0,20
14699,5,0,20
14700,5,0,20
14701,5,0,20
14702,5,0,20
14703,5,0,20
14704,5,0,20
14705,5,0,20
14706,5,0,20
14707,5,0,20
14708,5,0,20
14709,5,0,20
14710,5,0,20
14711,5,0,20
14712,5,0,20
14713,5,0,20
14714,5,0,20
14715,5,0,20
14716,5,0,20
14717,5,0,20
14718,5,0,20
14719,5,0,20
14720,5,0,20
14721,5,0,20
14722,5,0,20
14723,5,0,20
14724,5,0,20
14725,5,0,20
14726,5,0,20
14727,5,0,20
14728,5,0,20
14729,5,0,20
14730,5,0,20
14731,5,0,20
14732,5,0,20
14733,5,0,20
14734,5,0,20
14735,5,0,20
14736,5,0,20
14737,5,0,20
14738,5,0,20
14739,5,0,20
14740,5,0,20
14741,5,0,20
14742,5,0,20
14743,5,0,20
14744,5,0,20
14745,5,0,20
14746,5,0,20
14747,5,0,20
14748,5,0,20
14749,5,0,20
14750,5,0,20
14751,5,0,20
14752,5,0,20
14753,5,0,20
14754,5,0,20
14755,5,0,20
14756,5,0,20
14757,5,0,20
14758,5,0,20
14759,5,0,20
14760,5,0,20
14761,5,0,20
14762,5,0,20
14763,5,0,20
14764,5,0,20
14765,5,0,20
14766,5,0,20
14767,5,0,20
14768,5,0,20
14769,5,0,20
14770,5,0,20
14771,5,0,20
14772,5,0,20
14773,5,0,20
14774,5,0,20
14775,5,0,20
14776,5,0,20
14777,5,0,20
14778,5,0,20
14779,5,0,20
14780,5,0,20
14781,5,0,20
14782,5,0,20
14783,5,0,20
14784,5,0,20
14785,5,0,20
14786,5,0,20
14787,5,0,20
14788,5,0,20
14789,5,0,20
14790,5,0,20
14791,5,0,20
14792,5,0,20
14793,5,0,20
14794,5,0,20
14795,5,0,20
14796,5,0,20
14797,5,0,20
14798,5,0,20
14799,5,0,20
14800,5,0,20
14801,5,0,20
14802,5,0,20
14803,5,0,20
14804,5,0,20
14805,5,0,20
14806,5,0,20
14807,5,0,20
14808,5,0,20
14809,5,0,20
14810,5,0,20
14811,5,0,20
14812,5,0,20
14813,5,0,20
14814,5,0,20
14815,5,0,20
14816,5,0,20
14817,5,0,20
14818,5,0,20
14819,5,0,20
14820,5,0,20
14821,5,0,20
14822,5,0,20
14823,5,0,20
14824,5,0,20
14825,5,0,20
14826,5,0,20
14827,5,0,20
14828,5,0,20
14829,5,0,20
14830,5,0,20
14831,5,0,20
14832,5,0,20
14833,5,0,20
14834,5,0,20
14835,5,0,20
14836,5,0,20
14837,5,0,20
14838,5,0,20
14839,5,0,20
14840,5,0,20
14841,5,0,20
14842,5,0,20
14843,5,0,20
14844,5,0,20
14845,5,0,20
14846,5,0,20
14847,5,0,20
14848,5,0,20
14849,5,0,20
14850,5,0,20
14851,5,0,20
14852,5,0,20
14853,5,0,20
14854,5,0,20
14855,5,0,20
14856,5,0,20
14857,5,0,20
14858,5,0,20
14859,5,0,20
14860,5,0,20
14861,5,0,20
14862,5,0,20
14863,5,0,20
14864,5,0,20
14865,5,0,20
14866,5,0,20
14867,5,0,20
14868,5,0,20
14869,5,0,20
14870,5,0,20
14871,5,0,20
14872,5,0,20
14873,5,0,20
14874,5,0,20
14875,5,0,20
14876,5,0,20
14877,5,0,20
14878,5,0,20
14879,5,0,20
14880,5,0,20
14881,5,0,20
14882,5,0,20
14883,5,0,20
14884,5,0,20
14885,5,0,20
14886,5,0,20
14887,5,0,20
14888,5,0,20
14889,5,0,20
14890,5,0,20
14891,5,0,20
14892,5,0,20
14893,5,0,20
14894,5,0,20
14895,5,0,20
14896,5,0,20
14897,5,0,20
14898,5,0,20
14899,5,0,20
14900,5,0,20
14901,5,0,20
14902,5,0,20
14903,5,0,20
14904,5,0,20
14905,5,0,20
14906,5,0,20
14907,5,0,20
14908,5,0,20
14909,5,0,20
14910,5,0,20
14911,5,0,20
14912,5,0,20
14913,5,0,20
14914,5,0,20
14915,5,0,20
14916,5,0,20
14917,5,0,20
14918,5,0,20
14919,5,0,20
14920,5,0,20
14921,5,0,20
14922,5,0,20
14923,5,0,20
14924,5,0,20
14925,5,0,20
14926,5,0,20
14927,5,0,20
14928,5,0,20
14929,5,0,20
14930,5,0,20
14931,5,0,20
14932,5,0,20
14933,5,0,20
14934,5,0,20
14935,5,0,20
14936,5,0,20
14937,5,0,20
14938,5,0,20
14939,5,0,20
14940,5,0,20
14941,5,0,20
14942,5,0,20
14943,5,0,20
14944,5,0,20
14945,5,0,20
14946,5,0,20
14947,5,0,20
14948,5,0,20
14949,5,0,20
14950,5,0,20
14951,5,0,20
14952,5,0,20
14953,5,0,20
14954,5,0,20
14955,5,0,20
14956,5,0,20
14957,5,0,20
14958,5,0,20
14959,5,0,20
14960,5,0,20
14961,5,0,20
14962,5,0,20
14963,5,0,20
14964,5,0,20
14965,5,0,20
14966,5,0,20
14967,5,0,20
14968,5,0,20
14969,5,0,20
14970,5,0,20
14971,5,0,20
14972,5,0,20
14973,5,0,20
14974,5,0,20
14975,5,0,20
14976,5,0,20
14977,5,0,20
14978,5,0,20
14979,5,0,20
14980,5,0,20
14981,5,0,20
14982,5,0,20
14983,5,0,20
14984,5,0,20
14985,5,0,20
14986,5,0,20
14987,5,0,20
14988,5,0,20
14989,5,0,20
14990,5,0,20
14991,5,0,20
14992,5,0,20
14993,5,0,20
14994,5,0,20
14995,5,0,20
14996,5,0,20
14997,5,0,20
14998,5,0,20
14999,5,0,20
15000,5,0,20
15001,5,0,20
15002,5,0,20
15003,5,0,20
15004,5,0,20
15005,5,0,20
15006,5,0,20
15007,5,0,20
15008,5,0,20
15009,5,0,20
15010,5,0,20
15011,5,0,20
15012,5,0,20
15013,5,0,20
15014,5,0,20
15015,5,0,20
15016,5,0,20
15017,5,0,20
15018,5,0,20
15019,5,0,20
15020,5,0,20
15021,5,0,20
15022,5,0,20
15023,5,0,20
15024,5,0,20
15025,5,0,20
15026,5,0,20
15027,5,0,20
15028,5,0,20
15029,5,0,20
15030,5,0,20
15031,5,0,20
15032,5,0,20
15033,5,0,20
15034,5,0,20
15035,5,0,20
15036,5,0,20
15037,5,0,20
15038,5,0,20
15039,5,0,20
15040,5,0,20
15041,5,0,20
15042,5,0,20
15043,5,0,20
15044,5,0,20
15045,5,0,20
15046,5,0,20
15047,5,0,20
15048,5,0,20
15049,5,0,20
15050,5,0,20
15051,5,0,20
15052,5,0,20
15053,5,0,20
15054,5,0,20
15055,5,0,20
15056,5,0,20
15057,5,0,20
15058,5,0,20
15059,5,0,20
15060,5,0,20
15061,5,0,20
15062,5,0,20
15063,5,0,20
15064,5,0,20
15065,5,0,20
15066,5,0,20
15067,5,0,20
15068,5,0,20
15069,5,0,20
15070,5,0,20
15071,5,0,20
15072,5,0,20
15073,5,0,20
15074,5,0,20
15075,5,0,20
15076,5,0,20
15077,5,0,20
15078,5,0,20
15079,5,0,20
15080,5,0,20
15081,5,0,20
15082,5,0,20
15083,5,0,20
15084,5,0,20
15085,5,0,20
15086,5,0,20
15087,5,0,20
15088,5,0,20
15089,5,0,20
15090,5,0,20
15091,5,0,20
15092,5,0,20
15093,5,0,20
15094,5,0,20
15095,5,0,20
15096,5,0,20
15097,5,0,20
15098,5,0,20
15099,5,0,20
15100,5,0,20
15101,5,0,20
15102,5,0,20
15103,5,0,20
15104,5,0,20
15105,5,0,20
15106,5,0,20
15107,5,0,20
15108,5,0,20
15109,5,0,20
15110,5,0,20
15111,5,0,20
15112,5,0,20
15113,5,0,20
15114,5,0,20
15115,5,0,20
15116,5,0,20
15117,5,0,20
15118,5,0,20
15119,5,0,20
15120,5,0,20
15121,5,0,20
15122,5,0,20
15123,5,0,20
15124,5,0,20
15125,5,0,20
15126,5,0,20
15127,5,0,20
15128,5,0,20
15129,5,0,20
15130,5,0,20
15131,5,0,20
15132,5,0,20
15133,5,0,20
15134,5,0,20
15135,5,0,20
15136,5,0,20
15137,5,0,20
15138,5,0,20
15139,5,0,20
15140,5,0,20
15141,5,0,20
15142,5,0,20
15143,5,0,20
15144,5,0,20
15145,5,0,20
15146,5,0,20
15147,5,0,20
15148,5,0,20
15149,5,0,20
15150,5,0,20
15151,5,0,20
15152,5,0,20
15153,5,0,20
15154,5,0,20
15155,5,0,20
15156,5,0,20
15157,5,0,20
15158,5,0,20
15159,5,0,20
15160,5,0,20
15161,5,0,20
15162,5,0,20
15163,5,0,20
15164,5,0,20
15165,5,0,20
15166,5,0,20
15167,5,0,20
15168,5,0,20
15169,5,0,20
15170,5,0,20
15171,5,0,20
15172,5,0,20
15173,5,0,20
15174,5,0,20
15175,5,0,20
15176,5,0,20
15177,5,0,20
15178,5,0,20
15179,5,0,20
15180,5,0,20
15181,5,0,20
15182,5,0,20
15183,5,0,20
15184,5,0,20
15185,5,0,20
15186,5,0,20
15187,5,0,20
15188,5,0,20
15189,5,0,20
15190,5,0,20
15191,5,0,20
15192,5,0,20
15193,5,0,20
15194,5,0,20
15195,5,0,20
15196,5,0,20
15197,5,0,20
15198,5,0,20
15199,5,0,20
15200,5,0,20
15201,5,0,20
15202,5,0,20
15203,5,0,20
15204,5,0,20
15205,5,0,20
15206,5,0,20
15207,5,0,20
15208,5,0,20
15209,5,0,20
15210,5,0,20
15211,5,0,20
15212,5,0,20
15213,5,0,20
15214,5,0,20
15215,5,0,20
15216,5,0,20
15217,5,0,20
15218,5,0,20
15219,5,0,20
15220,5,0,20
15221,5,0,20
15222,5,0,20
15223,5,0,20
15224,5,0,20
15225,5,0,20
15226,5,0,20
15227,5,0,20
15228,5,0,20
15229,5,0,20
15230,5,0,20
15231,5,0,20
15232,5,0,20
15233,5,0,20
15234,5,0,20
15235,5,0,20
15236,5,0,20
15237,5,0,20
15238,5,0,20
15239,5,0,20
15240,5,0,20
15241,5,0,20
15242,5,0,20
15243,5,0,20
15244,5,0,20
15245,5,0,20
15246,5,0,20
15247,5,0,20
15248,5,0,20
15249,5,0,20
15250,5,0,20
15251,5,0,20
15252,5,0,20
15253,5,0,20
15254,5,0,20
15255,5,0,20
15256,5,0,20
15257,5,0,20
15258,5,0,20
15259,5,0,20
15260,5,0,20
15261,5,0,20
15262,5,0,20
15263,5,0,20
15264,5,0,20
15265,5,0,20
15266,5,0,20
15267,5,0,20
15268,5,0,20
15269,5,0,20
15270,5,0,20
15271,5,0,20
15272,5,0,20
15273,5,0,20
15274,5,0,20
15275,5,0,20
15276,5,0,20
15277,5,0,20
15278,5,0,20
15279,5,0,20
15280,5,0,20
15281,5,0,20
15282,5,0,20
15283,5,0,20
15284,5,0,20
15285,5,0,20
15286,5,0,20
15287,5,0,20
15288,5,0,20
15289,5,0,20
15290,5,0,20
15291,5,0,20
15292,5,0,20
15293,5,0,20
15294,5,0,20
15295,5,0,20
15296,5,0,20
15297,5,0,20
15298,5,0,20
15299,5,0,20
15300,5,0,20
15301,5,0,20
15302,5,0,20
15303,5,0,20
15304,5,0,20
15305,5,0,20
15306,5,0,20
15307,5,0,20
15308,5,0,20
15309,5,0,20
15310,5,0,20
15311,5,0,20
15312,5,0,20
15313,5,0,20
15314,5,0,20
15315,5,0,20
15316,5,0,20
15317,5,0,20
15318,5,0,20
15319,5,0,20
15320,5,0,20
15321,5,0,20
15322,5,0,20
15323,5,0,20
15324,5,0,20
15325,5,0,20
15326,5,0,20
15327,5,0,20
15328,5,0,20
15329,5,0,20
15330,5,0,20
15331,5,0,20
15332,5,0,20
15333,5,0,20
15334,5,0,20
15335,5,0,20
15336,5,0,20
15337,5,0,20
15338,5,0,20
15339,5,0,20
15340,5,0,20
15341,5,0,20
15342,5,0,20
15343,5,0,20
15344,5,0,20
15345,5,0,20
15346,5,0,20
15347,5,0,20
15348,5,0,20
15349,5,0,20
15350,5,0,20
15351,5,0,20
15352,5,0,20
15353,5,0,20
15354,5,0,20
15355,5,0,20
15356,5,0,20
15357,5,0,20
15358,5,0,20
15359,5,0,20
15360,5,0,20
15361,5,0,20
15362,5,0,20
15363,5,0,20
15364,5,0,20
15365,5,0,20
15366,5,0,20
15367,5,0,20
15368,5,0,20
15369,5,0,20
15370,5,0,20
15371,5,0,20
15372,5,0,20
15373,5,0,20
15374,5,0,20
15375,5,0,20
15376,5,0,20
15377,5,0,20
15378,5,0,20
15379,5,0,20
15380,5,0,20
15381,5,0,20
15382,5,0,20
15383,5,0,20
15384,5,0,20
15385,5,0,20
15386,5,0,20
15387,5,0,20
15388,5,0,20
15389,5,0,20
15390,5,0,20
15391,5,0,20
15392,5,0,20
15393,5,0,20
15394,5,0,20
15395,5,0,20
15396,5,0,20
15397,5,0,20
15398,5,0,20
15399,5,0,20
15400,5,0,20
15401,5,0,20
15402,5,0,20
15403,5,0,20
15404,5,0,20
15405,5,0,20
15406,5,0,20
15407,5,0,20
15408,5,0,20
15409,5,0,20
15410,5,0,20
15411,5,0,20
15412,5,0,20
15413,5,0,20
15414,5,0,20
15415,5,0,20
15416,5,0,20
15417,5,0,20
15418,5,0,20
15419,5,0,20
15420,5,0,20
15421,5,0,20
15422,5,0,20
15423,5,0,20
15424,5,0,20
15425,5,0,20
15426,5,0,20
15427,5,0,20
15428,5,0,20
15429,5,0,20
15430,5,0,20
15431,5,0,20
15432,5,0,20
15433,5,0,20
15434,5,0,20
15435,5,0,20
15436,5,0,20
15437,5,0,20
15438,5,0,20
15439,5,0,20
15440,5,0,20
15441,5,0,20
15442,5,0,20
15443,5,0,20
15444,5,0,20
15445,5,0,20
15446,5,0,20
15447,5,0,20
15448,5,0,20
15449,5,0,20
15450,5,0,20
15451,5,0,20
15452,5,0,20
15453,5,0,20
15454,5,0,20
15455,5,0,20
15456,5,0,20
15457,5,0,20
15458,5,0,20
15459,5,0,20
15460,5,0,20
15461,5,0,20
15462,5,0,20
15463,5,0,20
15464,5,0,20
15465,5,0,20
15466,5,0,20
15467,5,0,20
15468,5,0,20
15469,5,0,20
15470,5,0,20
15471,5,0,20
15472,5,0,20
15473,5,0,20
15474,5,0,20
15475,5,0,20
15476,5,0,20
15477,5,0,20
15478,5,0,20
15479,5,0,20
15480,5,0,20
15481,5,0,20
15482,5,0,20
15483,5,0,20
15484,5,0,20
15485,5,0,20
15486,5,0,20
15487,5,0,20
15488,5,0,20
15489,5,0,20
15490,5,0,20
15491,5,0,20
15492,5,0,20
15493,5,0,20
15494,5,0,20
15495,5,0,20
15496,5,0,20
15497,5,0,20
15498,5,0,20
15499,5,0,20
15500,5,0,20
15501,5,0,20
15502,5,0,20
15503,5,0,20
15504,5,0,20
15505,5,0,20
15506,5,0,20
15507,5,0,20
15508,5,0,20
15509,5,0,20
15510,5,0,20
15511,5,0,20
15512,5,0,20
15513,5,0,20
15514,5,0,20
15515,5,0,20
15516,5,0,20
15517,5,0,20
15518,5,0,20
15519,5,0,20
15520,5,0,20
15521,5,0,20
15522,5,0,20
15523,5,0,20
15524,5,0,20
15525,5,0,20
15526,5,0,20
15527,5,0,20
15528,5,0,20
15529,5,0,20
15530,5,0,20
15531,5,0,20
15532,5,0,20
15533,5,0,20
15534,5,0,20
15535,5,0,20
15536,5,0,20
15537,5,0,20
15538,5,0,20
15539,5,0,20
15540,5,0,20
15541,5,0,20
15542,5,0,20
15543,5,0,20
15544,5,0,20
15545,5,0,20
15546,5,0,20
15547,5,0,20
15548,5,0,20
15549,5,0,20
15550,5,0,20
15551,5,0,20
15552,5,0,20
15553,5,0,20
15554,5,0,20
15555,5,0,20
15556,5,0,20
15557,5,0,20
15558,5,0,20
15559,5,0,20
15560,5,0,20
15561,5,0,20
15562,5,0,20
15563,5,0,20
15564,5,0,20
15565,5,0,20
15566,5,0,20
15567,5,0,20
15568,5,0,20
15569,5,0,20
15570,5,0,20
15571,5,0,20
15572,5,0,20
15573,5,0,20
15574,5,0,20
15575,5,0,20
15576,5,0,20
15577,5,0,20
15578,5,0,20
15579,5,0,20
15580,5,0,20
15581,5,0,20
15582,5,0,20
15583,5,0,20
15584,5,0,20
15585,5,0,20
15586,5,0,20
15587,5,0,20
15588,5,0,20
15589,5,0,20
15590,5,0,20
15591,5,0,20
15592,5,0,20
15593,5,0,20
15594,5,0,20
15595,5,0,20
15596,5,0,20
15597,5,0,20
15598,5,0,20
15599,5,0,20
15600,5,0,20
15601,5,0,20
15602,5,0,20
15603,5,0,20
15604,5,0,20
15605,5,0,20
15606,5,0,20
15607,5,0,20
15608,5,0,20
15609,5,0,20
15610,5,0,20
15611,5,0,20
15612,5,0,20
15613,5,0,20
15614,5,0,20
15615,5,0,20
15616,5,0,20
15617,5,0,20
15618,5,0,20
15619,5,0,20
15620,5,0,20
15621,5,0,20
15622,5,0,20
15623,5,0,20
15624,5,0,20
15625,5,0,20
15626,5,0,20
15627,5,0,20
15628,5,0,20
15629,5,0,20
15630,5,0,20
15631,5,0,20
15632,5,0,20
15633,5,0,20
15634,5,0,20
15635,5,0,20
15636,5,0,20
15637,5,0,20
15638,5,0,20
15639,5,0,20
15640,5,0,20
15641,5,0,20
15642,5,0,20
15643,5,0,20
15644,5,0,20
15645,5,0,20
15646,5,0,20
15647,5,0,20
15648,5,0,20
15649,5,0,20
15650,5,0,20
15651,5,0,20
15652,5,0,20
15653,5,0,20
15654,5,0,20
15655,5,0,20
15656,5,0,20
15657,5,0,20
15658,5,0,20
15659,5,0,20
15660,5,0,20
15661,5,0,20
15662,5,0,20
15663,5,0,20
15664,5,0,20
15665,5,0,20
15666,5,0,20
15667,5,0,20
15668,5,0,20
15669,5,0,20
15670,5,0,20
15671,5,0,20
15672,5,0,20
15673,5,0,20
15674,5,0,20
15675,5,0,20
15676,5,0,20
15677,5,0,20
15678,5,0,20
15679,5,0,20
15680,5,0,20
15681,5,0,20
15682,5,0,20
15683,5,0,20
15684,5,0,20
15685,5,0,20
15686,5,0,20
15687,5,0,20
15688,5,0,20
15689,5,0,20
15690,5,0,20
15691,5,0,20
15692,5,0,20
15693,5,0,20
15694,5,0,20
15695,5,0,20
15696,5,0,20
15697,5,0,20
15698,5,0,20
15699,5,0,20
15700,5,0,20
15701,5,0,20
15702,5,0,20
15703,5,0,20
15704,5,0,20
15705,5,0,20
15706,5,0,20
15707,5,0,20
15708,5,0,20
15709,5,0,20
15710,5,0,20
15711,5,0,20
15712,5,0,20
15713,5,0,20
15714,5,0,20
15715,5,0,20
15716,5,0,20
15717,5,0,20
15718,5,0,20
15719,5,0,20
15720,5,0,20
15721,5,0,20
15722,5,0,20
15723,5,0,20
15724,5,0,20
15725,5,0,20
15726,5,0,20
15727,5,0,20
15728,5,0,20
15729,5,0,20
15730,5,0,20
15731,5,0,20
15732,5,0,20
15733,5,0,20
15734,5,0,20
15735,5,0,20
15736,5,0,20
15737,5,0,20
15738,5,0,20
15739,5,0,20
15740,5,0,20
15741,5,0,20
15742,5,0,20
15743,5,0,20
15744,5,0,20
15745,5,0,20
15746,5,0,20
15747,5,0,20
15748,5,0,20
15749,5,0,20
15750,5,0,20
15751,5,0,20
15752,5,0,20
15753,5,0,20
15754,5,0,20
15755,5,0,20
15756,5,0,20
15757,5,0,20
15758,5,0,20
15759,5,0,20
15760,5,0,20
15761,5,0,20
15762,5,0,20
15763,5,0,20
15764,5,0,20
15765,5,0,20
15766,5,0,20
15767,5,0,20
15768,5,0,20
15769,5,0,20
15770,5,0,20
15771,5,0,20
15772,5,0,20
15773,5,0,20
15774,5,0,20
15775,5,0,20
15776,5,0,20
15777,5,0,20
15778,5,0,20
15779,5,0,20
15780,5,0,20
15781,5,0,20
15782,5,0,20
15783,5,0,20
15784,5,0,20
15785,5,0,20
15786,5,0,20
15787,5,0,20
15788,5,0,20
15789,5,0,20
15790,5,0,20
15791,5,0,20
15792,5,0,20
15793,5,0,20
15794,5,0,20
15795,5,0,20
15796,5,0,20
15797,5,0,20
15798,5,0,20
15799,5,0,20
15800,5,0,20
15801,5,0,20
15802,5,0,20
15803,5,0,20
15804,5,0,20
15805,5,0,20
15806,5,0,20
15807,5,0,20
15808,5,0,20
15809,5,0,20
15810,5,0,20
15811,5,0,20
15812,5,0,20
15813,5,0,20
15814,5,0,20
15815,5,0,20
15816,5,0,20
15817,5,0,20
15818,5,0,20
15819,5,0,20
15820,5,0,20
15821,5,0,20
15822,5,0,20
15823,5,0,20
15824,5,0,20
15825,5,0,20
15826,5,0,20
15827,5,0,20
15828,5,0,20
15829,5,0,20
15830,5,0,20
15831,5,0,20
15832,5,0,20
15833,5,0,20
15834,5,0,20
15835,5,0,20
15836,5,0,20
15837,5,0,20
15838,5,0,20
15839,5,0,20
15840,5,0,20
15841,5,0,20
15842,5,0,20
15843,5,0,20
15844,5,0,20
15845,5,0,20
15846,5,0,20
15847,5,0,20
15848,5,0,20
15849,5,0,20
15850,5,0,20
15851,5,0,20
15852,5,0,20
15853,5,0,20
15854,5,0,20
15855,5,0,20
15856,5,0,20
15857,5,0,20
15858,5,0,20
15859,5,0,20
15860,5,0,20
15861,5,0,20
15862,5,0,20
15863,5,0,20
15864,5,0,20
15865,5,0,20
15866,5,0,20
15867,5,0,20
15868,5,0,20
15869,5,0,20
15870,5,0,20
15871,5,0,20
15872,5,0,20
15873,5,0,20
15874,5,0,20
15875,5,0,20
15876,5,0,20
15877,5,0,20
15878,5,0,20
15879,5,0,20
15880,5,0,20
15881,5,0,20
15882,5,0,20
15883,5,0,20
15884,5,0,20
15885,5,0,20
15886,5,0,20
15887,5,0,20
15888,5,0,20
15889,5,0,20
15890,5,0,20
15891,5,0,20
15892,5,0,20
15893,5,0,20
15894,5,0,20
15895,5,0,20
15896,5,0,20
15897,5,0,20
15898,5,0,20
15899,5,0,20
15900,5,0,20
15901,5,0,20
15902,5,0,20
15903,5,0,20
15904,5,0,20
15905,5,0,20
15906,5,0,20
15907,5,0,20
15908,5,0,20
15909,5,0,20
15910,5,0,20
15911,5,0,20
15912,5,0,20
15913,5,0,20
15914,5,0,20
15915,5,0,20
15916,5,0,20
15917,5,0,20
15918,5,0,20
15919,5,0,20
15920,5,0,20
15921,5,0,20
15922,5,0,20
15923,5,0,20
15924,5,0,20
15925,5,0,20
15926,5,0,20
15927,5,0,20
15928,5,0,20
15929,5,0,20
15930,5,0,20
15931,5,0,20
15932,5,0,20
15933,5,0,20
15934,5,0,20
15935,5,0,20
15936,5,0,20
15937,5,0,20
15938,5,0,20
15939,5,0,20
15940,5,0,20
15941,5,0,20
15942,5,0,20
15943,5,0,20
15944,5,0,20
15945,5,0,20
15946,5,0,20
15947,5,0,20
15948,5,0,20
15949,5,0,20
15950,5,0,20
15951,5,0,20
15952,5,0,20
15953,5,0,20
15954,5,0,20
15955,5,0,20
15956,5,0,20
15957,5,0,20
15958,5,0,20
15959,5,0,20
15960,5,0,20
15961,5,0,20
15962,5,0,20
15963,5,0,20
15964,5,0,20
15965,5,0,20
15966,5,0,20
15967,5,0,20
15968,5,0,20
15969,5,0,20
15970,5,0,20
15971,5,0,20
15972,5,0,20
15973,5,0,20
15974,5,0,20
15975,5,0,20
15976,5,0,20
15977,5,0,20
15978,5,0,20
15979,5,0,20
15980,5,0,20
15981,5,0,20
15982,5,0,20
15983,5,0,20
15984,5,0,20
15985,5,0,20
15986,5,0,20
15987,5,0,20
15988,5,0,20
15989,5,0,20
15990,5,0,20
15991,5,0,20
15992,5,0,20
15993,5,0,20
15994,5,0,20
15995,5,0,20
15996,5,0,20
15997,5,0,20
15998,5,0,20
15999,5,0,20
16000,5,0,20
16001,5,0,20
16002,5,0,20
16003,5,0,20
16004,5,0,20
16005,5,0,20
16006,5,0,20
16007,5,0,20
16008,5,0,20
16009,5,0,20
16010,5,0,20
16011,5,0,20
16012,5,0,20
16013,5,0,20
16014,5,0,20
16015,5,0,20
16016,5,0,20
16017,5,0,20
16018,5,0,20
16019,5,0,20
16020,5,0,20
16021,5,0,20
16022,5,0,20
16023,5,0,20
16024,5,0,20
16025,5,0,20
16026,5,0,20
16027,5,0,20
16028,5,0,20
16029,5,0,20
16030,5,0,20
16031,5,0,20
16032,5,0,20
16033,5,0,20
16034,5,0,20
16035,5,0,20
16036,5,0,20
16037,5,0,20
16038,5,0,20
16039,5,0,20
16040,5,0,20
16041,5,0,20
16042,5,0,20
16043,5,0,20
16044,5,0,20
16045,5,0,20
16046,5,0,20
16047,5,0,20
16048,5,0,20
16049,5,0,20
16050,5,0,20
16051,5,0,20
16052,5,0,20
16053,5,0,20
16054,5,0,20
16055,5,0,20
16056,5,0,20
16057,5,0,20
16058,5,0,20
16059,5,0,20
16060,5,0,20
16061,5,0,20
16062,5,0,20
16063,5,0,20
16064,5,0,20
16065,5,0,20
16066,5,0,20
16067,5,0,20
16068,5,0,20
16069,5,0,20
16070,5,0,20
16071,5,0,20
16072,5,0,20
16073,5,0,20
16074,5,0,20
16075,5,0,20
16076,5,0,20
16077,5,0,20
16078,5,0,20
16079,5,0,20
16080,5,0,20
16081,5,0,20
16082,5,0,20
16083,5,0,20
16084,5,0,20
16085,5,0,20
16086,5,0,20
16087,5,0,20
16088,5,0,20
16089,5,0,20
16090,5,0,20
16091,5,0,20
16092,5,0,20
16093,5,0,20
16094,5,0,20
16095,5,0,20
16096,5,0,20
16097,5,0,20
16098,5,0,20
16099,5,0,20
16100,5,0,20
16101,5,0,20
16102,5,0,20
16103,5,0,20
16104,5,0,20
16105,5,0,20
16106,5,0,20
16107,5,0,20
16108,5,0,20
16109,5,0,20
16110,5,0,20
16111,5,0,20
16112,5,0,20
16113,5,0,20
16114,5,0,20
16115,5,0,20
16116,5,0,20
16117,5,0,20
16118,5,0,20
16119,5,0,20
16120,5,0,20
16121,5,0,20
16122,5,0,20
16123,5,0,20
16124,5,0,20
16125,5,0,20
16126,5,0,20
16127,5,0,20
16128,5,0,20
16129,5,0,20
16130,5,0,20
16131,5,0,20
16132,5,0,20
16133,5,0,20
16134,5,0,20
16135,5,0,20
16136,5,0,20
16137,5,0,20
16138,5,0,20
16139,5,0,20
16140,5,0,20
16141,5,0,20
16142,5,0,20
16143,5,0,20
16144,5,0,20
16145,5,0,20
16146,5,0,20
16147,5,0,20
16148,5,0,20
16149,5,0,20
16150,5,0,20
16151,5,0,20
16152,5,0,20
16153,5,0,20
16154,5,0,20
16155,5,0,20
16156,5,0,20
16157,5,0,20
16158,5,0,20
16159,5,0,20
16160,5,0,20
16161,5,0,20
16162,5,0,20
16163,5,0,20
16164,5,0,20
16165,5,0,20
16166,5,0,20
16167,5,0,20
16168,5,0,20
16169,5,0,20
16170,5,0,20
16171,5,0,20
16172,5,0,20
16173,5,0,20
16174,5,0,20
16175,5,0,20
16176,5,0,20
16177,5,0,20
16178,5,0,20
16179,5,0,20
16180,5,0,20
16181,5,0,20
16182,5,0,20
16183,5,0,20
16184,5,0,20
16185,5,0,20
16186,5,0,20
16187,5,0,20
16188,5,0,20
16189,5,0,20
16190,5,0,20
16191,5,0,20
16192,5,0,20
16193,5,0,20
16194,5,0,20
16195,5,0,20
16196,5,0,20
16197,5,0,20
16198,5,0,20
16199,5,0,20
16200,5,0,20
16201,5,0,20
16202,5,0,20
16203,5,0,20
16204,5,0,20
16205,5,0,20
16206,5,0,20
16207,5,0,20
16208,5,0,20
16209,5,0,20
16210,5,0,20
16211,5,0,20
16212,5,0,20
16213,5,0,20
16214,5,0,20
16215,5,0,20
16216,5,0,20
16217,5,0,20
16218,5,0,20
16219,5,0,20
16220,5,0,20
16221,5,0,20
16222,5,0,20
16223,5,0,20
16224,5,0,20
16225,5,0,20
16226,5,0,20
16227,5,0,20
16228,5,0,20
16229,5,0,20
16230,5,0,20
16231,5,0,20
16232,5,0,20
16233,5,0,20
16234,5,0,20
16235,5,0,20
16236,5,0,20
16237,5,0,20
16238,5,0,20
16239,5,0,20
16240,5,0,20
16241,5,0,20
16242,5,0,20
16243,5,0,20
16244,5,0,20
16245,5,0,20
16246,5,0,20
16247,5,0,20
16248,5,0,20
16249,5,0,20
16250,5,0,20
16251,5,0,20
16252,5,0,20
16253,5,0,20
16254,5,0,20
16255,5,0,20
16256,5,0,20
16257,5,0,20
16258,5,0,20
16259,5,0,20
16260,5,0,20
16261,5,0,20
16262,5,0,20
16263,5,0,20
16264,5,0,20
16265,5,0,20
16266,5,0,20
16267,5,0,20
16268,5,0,20
16269,5,0,20
16270,5,0,20
16271,5,0,20
16272,5,0,20
16273,5,0,20
16274,5,0,20
16275,5,0,20
16276,5,0,20
16277,5,0,20
16278,5,0,20
16279,5,0,20
16280,5,0,20
16281,5,0,20
16282,5,0,20
16283,5,0,20
16284,5,0,20
16285,5,0,20
16286,5,0,20
16287,5,0,20
16288,5,0,20
16289,5,0,20
16290,5,0,20
16291,5,0,20
16292,5,0,20
16293,5,0,20
16294,5,0,20
16295,5,0,20
16296,5,0,20
16297,5,0,20
16298,5,0,20
16299,5,0,20
16300,5,0,20
16301,5,0,20
16302,5,0,20
16303,5,0,20
16304,5,0,20
16305,5,0,20
16306,5,0,20
16307,5,0,20
16308,5,0,20
16309,5,0,20
16310,5,0,20
16311,5,0,20
16312,5,0,20
16313,5,0,20
16314,5,0,20
16315,5,0,20
16316,5,0,20
16317,5,0,20
16318,5,0,20
16319,5,0,20
16320,5,0,20
16321,5,0,20
16322,5,0,20
16323,5,0,20
16324,5,0,20
16325,5,0,20
16326,5,0,20
16327,5,0,20
16328,5,0,20
16329,5,0,20
16330,5,0,20
16331,5,0,20
16332,5,0,20
16333,5,0,20
16334,5,0,20
16335,5,0,20
16336,5,0,20
16337,5,0,20
16338,5,0,20
16339,5,0,20
16340,5,0,20
16341,5,0,20
16342,5,0,20
16343,5,0,20
16344,5,0,20
16345,5,0,20
16346,5,0,20
16347,5,0,20
16348,5,0,20
16349,5,0,20
16350,5,0,20
16351,5,0,20
16352,5,0,20
16353,5,0,20
16354,5,0,20
16355,5,0,20
16356,5,0,20
16357,5,0,20
16358,5,0,20
16359,5,0,20
16360,5,0,20
16361,5,0,20
16362,5,0,20
16363,5,0,20
16364,5,0,20
16365,5,0,20
16366,5,0,20
16367,5,0,20
16368,5,0,20
16369,5,0,20
16370,5,0,20
16371,5,0,20
16372,5,0,20
16373,5,0,20
16374,5,0,20
16375,5,0,20
16376,5,0,20
16377,5,0,20
16378,5,0,20
16379,5,0,20
16380,5,0,20
16381,5,0,20
16382,5,0,20
16383,5,0,20
16384,5,0,20
16385,5,0,20
16386,5,0,20
16387,5,0,20
16388,5,0,20
16389,5,0,20
16390,5,0,20
16391,5,0,20
16392,5,0,20
16393,5,0,20
16394,5,0,20
16395,5,0,20
16396,5,0,20
16397,5,0,20
16398,5,0,20
16399,5,0,20
16400,5,0,20
16401,5,0,20
16402,5,0,20
16403,5,0,20
16404,5,0,20
16405,5,0,20
16406,5,0,20
16407,5,0,20
16408,5,0,20
16409,5,0,20
16410,5,0,20
16411,5,0,20
16412,5,0,20
16413,5,0,20
16414,5,0,20
16415,5,0,20
16416,5,0,20
16417,5,0,20
16418,5,0,20
16419,5,0,20
16420,5,0,20
16421,5,0,20
16422,5,0,20
16423,5,0,20
16424,5,0,20
16425,5,0,20
16426,5,0,20
16427,5,0,20
16428,5,0,20
16429,5,0,20
16430,5,0,20
16431,5,0,20
16432,5,0,20
16433,5,0,20
16434,5,0,20
16435,5,0,20
16436,5,0,20
16437,5,0,20
16438,5,0,20
16439,5,0,20
16440,5,0,20
16441,5,0,20
16442,5,0,20
16443,5,0,20
16444,5,0,20
16445,5,0,20
16446,5,0,20
16447,5,0,20
16448,5,0,20
16449,5,0,20
16450,5,0,20
16451,5,0,20
16452,5,0,20
16453,5,0,20
16454,5,0,20
16455,5,0,20
16456,5,0,20
16457,5,0,20
16458,5,0,20
16459,5,0,20
16460,5,0,20
16461,5,0,20
16462,5,0,20
16463,5,0,20
16464,5,0,20
16465,5,0,20
16466,5,0,20
16467,5,0,20
16468,5,0,20
16469,5,0,20
16470,5,0,20
16471,5,0,20
16472,5,0,20
16473,5,0,20
16474,5,0,20
16475,5,0,20
16476,5,0,20
16477,5,0,20
16478,5,0,20
16479,5,0,20
16480,5,0,20
16481,5,0,20
16482,5,0,20
16483,5,0,20
16484,5,0,20
16485,5,0,20
16486,5,0,20
16487,5,0,20
16488,5,0,20
16489,5,0,20
16490,5,0,20
16491,5,0,20
16492,5,0,20
16493,5,0,20
16494,5,0,20
16495,5,0,20
16496,5,0,20
16497,5,0,20
16498,5,0,20
16499,5,0,20
16500,5,0,20
16501,5,0,20
16502,5,0,20
16503,5,0,20
16504,5,0,20
16505,5,0,20
16506,5,0,20
16507,5,0,20
16508,5,0,20
16509,5,0,20
16510,5,0,20
16511,5,0,20
16512,5,0,20
16513,5,0,20
16514,5,0,20
16515,5,0,20
16516,5,0,20
16517,5,0,20
16518,5,0,20
16519,5,0,20
16520,5,0,20
16521,5,0,20
16522,5,0,20
16523,5,0,20
16524,5,0,20
16525,5,0,20
16526,5,0,20
16527,5,0,20
16528,5,0,20
16529,5,0,20
16530,5,0,20
16531,5,0,20
16532,5,0,20
16533,5,0,20
16534,5,0,20
16535,5,0,20
16536,5,0,20
16537,5,0,20
16538,5,0,20
16539,5,0,20
16540,5,0,20
16541,5,0,20
16542,5,0,20
16543,5,0,20
16544,5,0,20
16545,5,0,20
16546,5,0,20
16547,5,0,20
16548,5,0,20
16549,5,0,20
16550,5,0,20
16551,5,0,20
16552,5,0,20
16553,5,0,20
16554,5,0,20
16555,5,0,20
16556,5,0,20
16557,5,0,20
16558,5,0,20
16559,5,0,20
16560,5,0,20
16561,5,0,20
16562,5,0,20
16563,5,0,20
16564,5,0,20
16565,5,0,20
16566,5,0,20
16567,5,0,20
16568,5,0,20
16569,5,0,20
16570,5,0,20
16571,5,0,20
16572,5,0,20
16573,5,0,20
16574,5,0,20
16575,5,0,20
16576,5,0,20
16577,5,0,20
16578,5,0,20
16579,5,0,20
16580,5,0,20
16581,5,0,20
16582,5,0,20
16583,5,0,20
16584,5,0,20
16585,5,0,20
16586,5,0,20
16587,5,0,20
16588,5,0,20
16589,5,0,20
16590,5,0,20
16591,5,0,20
16592,5,0,20
16593,5,0,20
16594,5,0,20
16595,5,0,20
16596,5,0,20
16597,5,0,20
16598,5,0,20
16599,5,0,20
16600,5,0,20
16601,5,0,20
16602,5,0,20
16603,5,0,20
16604,5,0,20
16605,5,0,20
16606,5,0,20
16607,5,0,20
16608,5,0,20
16609,5,0,20
16610,5,0,20
16611,5,0,20
16612,5,0,20
16613,5,0,20
16614,5,0,20
16615,5,0,20
16616,5,0,20
16617,5,0,20
16618,5,0,20
16619,5,0,20
16620,5,0,20
16621,5,0,20
16622,5,0,20
16623,5,0,20
16624,5,0,20
16625,5,0,20
16626,5,0,20
16627,5,0,20
16628,5,0,20
16629,5,0,20
16630,5,0,20
16631,5,0,20
16632,5,0,20
16633,5,0,20
16634,5,0,20
16635,5,0,20
16636,5,0,20
16637,5,0,20
16638,5,0,20
16639,5,0,20
16640,5,0,20
16641,5,0,20
16642,5,0,20
16643,5,0,20
16644,5,0,20
16645,5,0,20
16646,5,0,20
16647,5,0,20
16648,5,0,20
16649,5,0,20
16650,5,0,20
16651,5,0,20
16652,5,0,20
16653,5,0,20
16654,5,0,20
16655,5,0,20
16656,5,0,20
16657,5,0,20
16658,5,0,20
16659,5,0,20
16660,5,0,20
16661,5,0,20
16662,5,0,20
16663,5,0,20
16664,5,0,20
16665,5,0,20
16666,5,0,20
16667,5,0,20
16668,5,0,20
16669,5,0,20
16670,5,0,20
16671,5,0,20
16672,5,0,20
16673,5,0,20
16674,5,0,20
16675,5,0,20
16676,5,0,20
16677,5,0,20
16678,5,0,20
16679,5,0,20
16680,5,0,20
16681,5,0,20
16682,5,0,20
16683,5,0,20
16684,5,0,20
16685,5,0,20
16686,5,0,20
16687,5,0,20
16688,5,0,20
16689,5,0,20
16690,5,0,20
16691,5,0,20
16692,5,0,20
16693,5,0,20
16694,5,0,20
16695,5,0,20
16696,5,0,20
16697,5,0,20
16698,5,0,20
16699,5,0,20
16700,5,0,20
16701,5,0,20
16702,5,0,20
16703,5,0,20
16704,5,0,20
16705,5,0,20
16706,5,0,20
16707,5,0,20
16708,5,0,20
16709,5,0,20
16710,5,0,20
16711,5,0,20
16712,5,0,20
16713,5,0,20
16714,5,0,20
16715,5,0,20
16716,5,0,20
16717,5,0,20
16718,5,0,20
16719,5,0,20
16720,5,0,20
16721,5,0,20
16722,5,0,20
16723,5,0,20
16724,5,0,20
16725,5,0,20
16726,5,0,20
16727,5,0,20
16728,5,0,20
16729,5,0,20
16730,5,0,20
16731,5,0,20
16732,5,0,20
16733,5,0,20
16734,5,0,20
16735,5,0,20
16736,5,0,20
16737,5,0,20
16738,5,0,20
16739,5,0,20
16740,5,0,20
16741,5,0,20
16742,5,0,20
16743,5,0,20
16744,5,0,20
16745,5,0,20
16746,5,0,20
16747,5,0,20
16748,5,0,20
16749,5,0,20
16750,5,0,20
16751,5,0,20
16752,5,0,20
16753,5,0,20
16754,5,0,20
16755,5,0,20
16756,5,0,20
16757,5,0,20
16758,5,0,20
16759,5,0,20
16760,5,0,20
16761,5,0,20
16762,5,0,20
16763,5,0,20
16764,5,0,20
16765,5,0,20
16766,5,0,20
16767,5,0,20
16768,5,0,20
16769,5,0,20
16770,5,0,20
16771,5,0,20
16772,5,0,20
16773,5,0,20
16774,5,0,20
16775,5,0,20
16776,5,0,20
16777,5,0,20
16778,5,0,20
16779,5,0,20
16780,5,0,20
16781,5,0,20
16782,5,0,20
16783,5,0,20
16784,5,0,20
16785,5,0,20
16786,5,0,20
16787,5,0,20
16788,5,0,20
16789,5,0,20
16790,5,0,20
16791,5,0,20
16792,5,0,20
16793,5,0,20
16794,5,0,20
16795,5,0,20
16796,5,0,20
16797,5,0,20
16798,5,0,20
16799,5,0,20
16800,5,0,20
16801,5,0,20
16802,5,0,20
16803,5,0,20
16804,5,0,20
16805,5,0,20
16806,5,0,20
16807,5,0,20
16808,5,0,20
16809,5,0,20
16810,5,0,20
16811,5,0,20
16812,5,0,20
16813,5,0,20
16814,5,0,20
16815,5,0,20
16816,5,0,20
16817,5,0,20
16818,5,0,20
16819,5,0,20
16820,5,0,20
16821,5,0,20
16822,5,0,20
16823,5,0,20
16824,5,0,20
16825,5,0,20
16826,5,0,20
16827,5,0,20
16828,5,0,20
16829,5,0,20
16830,5,0,20
16831,5,0,20
16832,5,0,20
16833,5,0,20
16834,5,0,20
16835,5,0,20
16836,5,0,20
16837,5,0,20
16838,5,0,20
16839,5,0,20
16840,5,0,20
16841,5,0,20
16842,5,0,20
16843,5,0,20
16844,5,0,20
16845,5,0,20
16846,5,0,20
16847,5,0,20
16848,5,0,20
16849,5,0,20
16850,5,0,20
16851,5,0,20
16852,5,0,20
16853,5,0,20
16854,5,0,20
16855,5,0,20
16856,5,0,20
16857,5,0,20
16858,5,0,20
16859,5,0,20
16860,5,0,20
16861,5,0,20
16862,5,0,20
16863,5,0,20
16864,5,0,20
16865,5,0,20
16866,5,0,20
16867,5,0,20
16868,5,0,20
16869,5,0,20
16870,5,0,20
16871,5,0,20
16872,5,0,20
16873,5,0,20
16874,5,0,20
16875,5,0,20
16876,5,0,20
16877,5,0,20
16878,5,0,20
16879,5,0,20
16880,5,0,20
16881,5,0,20
16882,5,0,20
16883,5,0,20
16884,5,0,20
16885,5,0,20
16886,5,0,20
16887,5,0,20
16888,5,0,20
16889,5,0,20
16890,5,0,20
16891,5,0,20
16892,5,0,20
16893,5,0,20
16894,5,0,20
16895,5,0,20
16896,5,0,20
16897,5,0,20
16898,5,0,20
16899,5,0,20
16900,5,0,20
16901,5,0,20
16902,5,0,20
16903,5,0,20
16904,5,0,20
16905,5,0,20
16906,5,0,20
16907,5,0,20
16908,5,0,20
16909,5,0,20
16910,5,0,20
16911,5,0,20
16912,5,0,20
16913,5,0,20
16914,5,0,20
16915,5,0,20
16916,5,0,20
16917,5,0,20
16918,5,0,20
16919,5,0,20
16920,5,0,20
16921,5,0,20
16922,5,0,20
16923,5,0,20
16924,5,0,20
16925,5,0,20
16926,5,0,20
16927,5,0,20
16928,5,0,20
16929,5,0,20
16930,5,0,20
16931,5,0,20
16932,5,0,20
16933,5,0,20
16934,5,0,20
16935,5,0,20
16936,5,0,20
16937,5,0,20
16938,5,0,20
16939,5,0,20
16940,5,0,20
16941,5,0,20
16942,5,0,20
16943,5,0,20
16944,5,0,20
16945,5,0,20
16946,5,0,20
16947,5,0,20
16948,5,0,20
16949,5,0,20
16950,5,0,20
16951,5,0,20
16952,5,0,20
16953,5,0,20
16954,5,0,20
16955,5,0,20
16956,5,0,20
16957,5,0,20
16958,5,0,20
16959,5,0,20
16960,5,0,20
16961,5,0,20
16962,5,0,20
16963,5,0,20
16964,5,0,20
16965,5,0,20
16966,5,0,20
16967,5,0,20
16968,5,0,20
16969,5,0,20
16970,5,0,20
16971,5,0,20
16972,5,0,20
16973,5,0,20
16974,5,0,20
16975,5,0,20
16976,5,0,20
16977,5,0,20
16978,5,0,20
16979,5,0,20
16980,5,0,20
16981,5,0,20
16982,5,0,20
16983,5,0,20
16984,5,0,20
16985,5,0,20
16986,5,0,20
16987,5,0,20
16988,5,0,20
16989,5,0,20
16990,5,0,20
16991,5,0,20
16992,5,0,20
16993,5,0,20
16994,5,0,20
16995,5,0,20
16996,5,0,20
16997,5,0,20
16998,5,0,20
16999,5,0,20
17000,5,0,20
17001,5,0,20
17002,5,0,20
17003,5,0,20
17004,5,0,20
17005,5,0,20
17006,5,0,20
17007,5,0,20
17008,5,0,20
17009,5,0,20
17010,5,0,20
17011,5,0,20
17012,5,0,20
17013,5,0,20
17014,5,0,20
17015,5,0,20
17016,5,0,20
17017,5,0,20
17018,5,0,20
17019,5,0,20
17020,5,0,20
17021,5,0,20
17022,5,0,20
17023,5,0,20
17024,5,0,20
17025,5,0,20
17026,5,0,20
17027,5,0,20
17028,5,0,20
17029,5,0,20
17030,5,0,20
17031,5,0,20
17032,5,0,20
17033,5,0,20
17034,5,0,20
17035,5,0,20
17036,5,0,20
17037,5,0,20
17038,5,0,20
17039,5,0,20
17040,5,0,20
17041,5,0,20
17042,5,0,20
17043,5,0,20
17044,5,0,20
17045,5,0,20
17046,5,0,20
17047,5,0,20
17048,5,0,20
17049,5,0,20
17050,5,0,20
17051,5,0,20
17052,5,0,20
17053,5,0,20
17054,5,0,20
17055,5,0,20
17056,5,0,20
17057,5,0,20
17058,5,0,20
17059,5,0,20
17060,5,0,20
17061,5,0,20
17062,5,0,20
17063,5,0,20
17064,5,0,20
17065,5,0,20
17066,5,0,20
17067,5,0,20
17068,5,0,20
17069,5,0,20
17070,5,0,20
17071,5,0,20
17072,5,0,20
17073,5,0,20
17074,5,0,20
17075,5,0,20
17076,5,0,20
17077,5,0,20
17078,5,0,20
17079,5,0,20
17080,5,0,20
17081,5,0,20
17082,5,0,20
17083,5,0,20
17084,5,0,20
17085,5,0,20
17086,5,0,20
17087,5,0,20
17088,5,0,20
17089,5,0,20
17090,5,0,20
17091,5,0,20
17092,5,0,20
17093,5,0,20
17094,5,0,20
17095,5,0,20
17096,5,0,20
17097,5,0,20
17098,5,0,20
17099,5,0,20
17100,5,0,20
17101,5,0,20
17102,5,0,20
17103,5,0,20
17104,5,0,20
17105,5,0,20
17106,5,0,20
17107,5,0,20
17108,5,0,20
17109,5,0,20
17110,5,0,20
17111,5,0,20
17112,5,0,20
17113,5,0,20
17114,5,0,20
17115,5,0,20
17116,5,0,20
17117,5,0,20
17118,5,0,20
17119,5,0,20
17120,5,0,20
17121,5,0,20
17122,5,0,20
17123,5,0,20
17124,5,0,20
17125,5,0,20
17126,5,0,20
17127,5,0,20
17128,5,0,20
17129,5,0,20
17130,5,0,20
17131,5,0,20
17132,5,0,20
17133,5,0,20
17134,5,0,20
17135,5,0,20
17136,5,0,20
17137,5,0,20
17138,5,0,20
17139,5,0,20
17140,5,0,20
17141,5,0,20
17142,5,0,20
17143,5,0,20
17144,5,0,20
17145,5,0,20
17146,5,0,20
17147,5,0,20
17148,5,0,20
17149,5,0,20
17150,5,0,20
17151,5,0,20
17152,5,0,20
17153,5,0,20
17154,5,0,20
17155,5,0,20
17156,5,0,20
17157,5,0,20
17158,5,0,20
17159,5,0,20
17160,5,0,20
17161,5,0,20
17162,5,0,20
17163,5,0,20
17164,5,0,20
17165,5,0,20
17166,5,0,20
17167,5,0,20
17168,5,0,20
17169,5,0,20
17170,5,0,20
17171,5,0,20
17172,5,0,20
17173,5,0,20
17174,5,0,20
17175,5,0,20
17176,5,0,20
17177,5,0,20
17178,5,0,20
17179,5,0,20
17180,5,0,20
17181,5,0,20
17182,5,0,20
17183,5,0,20
17184,5,0,20
17185,5,0,20
17186,5,0,20
17187,5,0,20
17188,5,0,20
17189,5,0,20
17190,5,0,20
17191,5,0,20
17192,5,0,20
17193,5,0,20
17194,5,0,20
17195,5,0,20
17196,5,0,20
17197,5,0,20
17198,5,0,20
17199,5,0,20
17200,5,0,20
17201,5,0,20
17202,5,0,20
17203,5,0,20
17204,5,0,20
17205,5,0,20
17206,5,0,20
17207,5,0,20
17208,5,0,20
17209,5,0,20
17210,5,0,20
17211,5,0,20
17212,5,0,20
17213,5,0,20
17214,5,0,20
17215,5,0,20
17216,5,0,20
17217,5,0,20
17218,5,0,20
17219,5,0,20
17220,5,0,20
17221,5,0,20
17222,5,0,20
17223,5,0,20
17224,5,0,20
17225,5,0,20
17226,5,0,20
17227,5,0,20
17228,5,0,20
17229,5,0,20
17230,5,0,20
17231,5,0,20
17232,5,0,20
17233,5,0,20
17234,5,0,20
17235,5,0,20
17236,5,0,20
17237,5,0,20
17238,5,0,20
17239,5,0,20
17240,5,0,20
17241,5,0,20
17242,5,0,20
17243,5,0,20
17244,5,0,20
17245,5,0,20
17246,5,0,20
17247,5,0,20
17248,5,0,20
17249,5,0,20
17250,5,0,20
17251,5,0,20
17252,5,0,20
17253,5,0,20
17254,5,0,20
17255,5,0,20
17256,5,0,20
17257,5,0,20
17258,5,0,20
17259,5,0,20
17260,5,0,20
17261,5,0,20
17262,5,0,20
17263,5,0,20
17264,5,0,20
17265,5,0,20
17266,5,0,20
17267,5,0,20
17268,5,0,20
17269,5,0,20
17270,5,0,20
17271,5,0,20
17272,5,0,20
17273,5,0,20
17274,5,0,20
17275,5,0,20
17276,5,0,20
17277,5,0,20
17278,5,0,20
17279,5,0,20
17280,5,0,20
17281,5,0,20
17282,5,0,20
17283,5,0,20
17284,5,0,20
17285,5,0,20
17286,5,0,20
17287,5,0,20
17288,5,0,20
17289,5,0,20
17290,5,0,20
17291,5,0,20
17292,5,0,20
17293,5,0,20
17294,5,0,20
17295,5,0,20
17296,5,0,20
17297,5,0,20
17298,5,0,20
17299,5,0,20
17300,5,0,20
17301,5,0,20
17302,5,0,20
17303,5,0,20
17304,5,0,20
17305,5,0,20
17306,5,0,20
17307,5,0,20
17308,5,0,20
17309,5,0,20
17310,5,0,20
17311,5,0,20
17312,5,0,20
17313,5,0,20
17314,5,0,20
17315,5,0,20
17316,5,0,20
17317,5,0,20
17318,5,0,20
17319,5,0,20
17320,5,0,20
17321,5,0,20
17322,5,0,20
17323,5,0,20
17324,5,0,20
17325,5,0,20
17326,5,0,20
17327,5,0,20
17328,5,0,20
17329,5,0,20
17330,5,0,20
17331,5,0,20
17332,5,0,20
17333,5,0,20
17334,5,0,20
17335,5,0,20
17336,5,0,20
17337,5,0,20
17338,5,0,20
17339,5,0,20
17340,5,0,20
17341,5,0,20
17342,5,0,20
17343,5,0,20
17344,5,0,20
17345,5,0,20
17346,5,0,20
17347,5,0,20
17348,5,0,20
17349,5,0,20
17350,5,0,20
17351,5,0,20
17352,5,0,20
17353,5,0,20
17354,5,0,20
17355,5,0,20
17356,5,0,20
17357,5,0,20
17358,5,0,20
17359,5,0,20
17360,5,0,20
17361,5,0,20
17362,5,0,20
17363,5,0,20
17364,5,0,20
17365,5,0,20
17366,5,0,20
17367,5,0,20
17368,5,0,20
17369,5,0,20
17370,5,0,20
17371,5,0,20
17372,5,0,20
17373,5,0,20
17374,5,0,20
17375,5,0,20
17376,5,0,20
17377,5,0,20
17378,5,0,20
17379,5,0,20
17380,5,0,20
17381,5,0,20
17382,5,0,20
17383,5,0,20
17384,5,0,20
17385,5,0,20
17386,5,0,20
17387,5,0,20
17388,5,0,20
17389,5,0,20
17390,5,0,20
17391,5,0,20
17392,5,0,20
17393,5,0,20
17394,5,0,20
17395,5,0,20
17396,5,0,20
17397,5,0,20
17398,5,0,20
17399,5,0,20
17400,5,0,20
17401,5,0,20
17402,5,0,20
17403,5,0,20
17404,5,0,20
17405,5,0,20
17406,5,0,20
17407,5,0,20
17408,5,0,20
17409,5,0,20
17410,5,0,20
17411,5,0,20
17412,5,0,20
17413,5,0,20
17414,5,0,20
17415,5,0,20
17416,5,0,20
17417,5,0,20
17418,5,0,20
17419,5,0,20
17420,5,0,20
17421,5,0,20
17422,5,0,20
17423,5,0,20
17424,5,0,20
17425,5,0,20
17426,5,0,20
17427,5,0,20
17428,5,0,20
17429,5,0,20
17430,5,0,20
17431,5,0,20
17432,5,0,20
17433,5,0,20
17434,5,0,20
17435,5,0,20
17436,5,0,20
17437,5,0,20
17438,5,0,20
17439,5,0,20
17440,5,0,20
17441,5,0,20
17442,5,0,20
17443,5,0,20
17444,5,0,20
17445,5,0,20
17446,5,0,20
17447,5,0,20
17448,5,0,20
17449,5,0,20
17450,5,0,20
17451,5,0,20
17452,5,0,20
17453,5,0,20
17454,5,0,20
17455,5,0,20
17456,5,0,20
17457,5,0,20
17458,5,0,20
17459,5,0,20
17460,5,0,20
17461,5,0,20
17462,5,0,20
17463,5,0,20
17464,5,0,20
17465,5,0,20
17466,5,0,20
17467,5,0,20
17468,5,0,20
17469,5,0,20
17470,5,0,20
17471,5,0,20
17472,5,0,20
17473,5,0,20
17474,5,0,20
17475,5,0,20
17476,5,0,20
17477,5,0,20
17478,5,0,20
17479,5,0,20
17480,5,0,20
17481,5,0,20
17482,5,0,20
17483,5,0,20
17484,5,0,20
17485,5,0,20
17486,5,0,20
17487,5,0,20
17488,5,0,20
17489,5,0,20
17490,5,0,20
17491,5,0,20
17492,5,0,20
17493,5,0,20
17494,5,0,20
17495,5,0,20
17496,5,0,20
17497,5,0,20
17498,5,0,20
17499,5,0,20
17500,5,0,20
17501,5,0,20
17502,5,0,20
17503,5,0,20
17504,5,0,20
17505,5,0,20
17506,5,0,20
17507,5,0,20
17508,5,0,20
17509,5,0,20
17510,5,0,20
17511,5,0,20
17512,5,0,20
17513,5,0,20
17514,5,0,20
17515,5,0,20
17516,5,0,20
17517,5,0,20
17518,5,0,20
17519,5,0,20
17520,5,0,20
17521,5,0,20
17522,5,0,20
17523,5,0,20
17524,5,0,20
17525,5,0,20
17526,5,0,20
17527,5,0,20
17528,5,0,20
17529,5,0,20
17530,5,0,20
17531,5,0,20
17532,5,0,20
17533,5,0,20
17534,5,0,20
17535,5,0,20
17536,5,0,20
17537,5,0,20
17538,5,0,20
17539,5,0,20
17540,5,0,20
17541,5,0,20
17542,5,0,20
17543,5,0,20
17544,5,0,20
17545,5,0,20
17546,5,0,20
17547,5,0,20
17548,5,0,20
17549,5,0,20
17550,5,0,20
17551,5,0,20
17552,5,0,20
17553,5,0,20
17554,5,0,20
17555,5,0,20
17556,5,0,20
17557,5,0,20
17558,5,0,20
17559,5,0,20
17560,5,0,20
17561,5,0,20
17562,5,0,20
17563,5,0,20
17564,5,0,20
17565,5,0,20
17566,5,0,20
17567,5,0,20
17568,5,0,20
17569,5,0,20
17570,5,0,20
17571,5,0,20
17572,5,0,20
17573,5,0,20
17574,5,0,20
17575,5,0,20
17576,5,0,20
17577,5,0,20
17578,5,0,20
17579,5,0,20
17580,5,0,20
17581,5,0,20
17582,5,0,20
17583,5,0,20
17584,5,0,20
17585,5,0,20
17586,5,0,20
17587,5,0,20
17588,5,0,20
17589,5,0,20
17590,5,0,20
17591,5,0,20
17592,5,0,20
17593,5,0,20
17594,5,0,20
17595,5,0,20
17596,5,0,20
17597,5,0,20
17598,5,0,20
17599,5,0,20
17600,5,0,20
17601,5,0,20
17602,5,0,20
17603,5,0,20
17604,5,0,20
17605,5,0,20
17606,5,0,20
17607,5,0,20
17608,5,0,20
17609,5,0,20
17610,5,0,20
17611,5,0,20
17612,5,0,20
17613,5,0,20
17614,5,0,20
17615,5,0,20
17616,5,0,20
17617,5,0,20
17618,5,0,20
17619,5,0,20
17620,5,0,20
17621,5,0,20
17622,5,0,20
17623,5,0,20
17624,5,0,20
17625,5,0,20
17626,5,0,20
17627,5,0,20
17628,5,0,20
17629,5,0,20
17630,5,0,20
17631,5,0,20
17632,5,0,20
17633,5,0,20
17634,5,0,20
17635,5,0,20
17636,5,0,20
17637,5,0,20
17638,5,0,20
17639,5,0,20
17640,5,0,20
17641,5,0,20
17642,5,0,20
17643,5,0,20
17644,5,0,20
17645,5,0,20
17646,5,0,20
17647,5,0,20
17648,5,0,20
17649,5,0,20
17650,5,0,20
17651,5,0,20
17652,5,0,20
17653,5,0,20
17654,5,0,20
17655,5,0,20
17656,5,0,20
17657,5,0,20
17658,5,0,20
17659,5,0,20
17660,5,0,20
17661,5,0,20
17662,5,0,20
17663,5,0,20
17664,5,0,20
17665,5,0,20
17666,5,0,20
17667,5,0,20
17668,5,0,20
17669,5,0,20
17670,5,0,20
17671,5,0,20
17672,5,0,20
17673,5,0,20
17674,5,0,20
17675,5,0,20
17676,5,0,20
17677,5,0,20
17678,5,0,20
17679,5,0,20
17680,5,0,20
17681,5,0,20
17682,5,0,20
17683,5,0,20
17684,5,0,20
17685,5,0,20
17686,5,0,20
17687,5,0,20
17688,5,0,20
17689,5,0,20
17690,5,0,20
17691,5,0,20
17692,5,0,20
17693,5,0,20
17694,5,0,20
17695,5,0,20
17696,5,0,20
17697,5,0,20
17698,5,0,20
17699,5,0,20
17700,5,0,20
17701,5,0,20
17702,5,0,20
17703,5,0,20
17704,5,0,20
17705,5,0,20
17706,5,0,20
17707,5,0,20
17708,5,0,20
17709,5,0,20
17710,5,0,20
17711,5,0,20
17712,5,0,20
17713,5,0,20
17714,5,0,20
17715,5,0,20
17716,5,0,20
17717,5,0,20
17718,5,0,20
17719,5,0,20
17720,5,0,20
17721,5,0,20
17722,5,0,20
17723,5,0,20
17724,5,0,20
17725,5,0,20
17726,5,0,20
17727,5,0,20
17728,5,0,20
17729,5,0,20
17730,5,0,20
17731,5,0,20
17732,5,0,20
17733,5,0,20
17734,5,0,20
17735,5,0,20
17736,5,0,20
17737,5,0,20
17738,5,0,20
17739,5,0,20
17740,5,0,20
17741,5,0,20
17742,5,0,20
17743,5,0,20
17744,5,0,20
17745,5,0,20
17746,5,0,20
17747,5,0,20
17748,5,0,20
17749,5,0,20
17750,5,0,20
17751,5,0,20
17752,5,0,20
17753,5,0,20
17754,5,0,20
17755,5,0,20
17756,5,0,20
17757,5,0,20
17758,5,0,20
17759,5,0,20
17760,5,0,20
17761,5,0,20
17762,5,0,20
17763,5,0,20
17764,5,0,20
17765,5,0,20
17766,5,0,20
17767,5,0,20
17768,5,0,20
17769,5,0,20
17770,5,0,20
17771,5,0,20
17772,5,0,20
17773,5,0,20
17774,5,0,20
17775,5,0,20
17776,5,0,20
17777,5,0,20
17778,5,0,20
17779,5,0,20
17780,5,0,20
17781,5,0,20
17782,5,0,20
17783,5,0,20
17784,5,0,20
17785,5,0,20
17786,5,0,20
17787,5,0,20
17788,5,0,20
17789,5,0,20
17790,5,0,20
17791,5,0,20
17792,5,0,20
17793,5,0,20
17794,5,0,20
17795,5,0,20
17796,5,0,20
17797,5,0,20
17798,5,0,20
17799,5,0,20
17800,5,0,20
17801,5,0,20
17802,5,0,20
17803,5,0,20
17804,5,0,20
17805,5,0,20
17806,5,0,20
17807,5,0,20
17808,5,0,20
17809,5,0,20
17810,5,0,20
17811,5,0,20
17812,5,0,20
17813,5,0,20
17814,5,0,20
17815,5,0,20
17816,5,0,20
17817,5,0,20
17818,5,0,20
17819,5,0,20
17820,5,0,20
17821,5,0,20
17822,5,0,20
17823,5,0,20
17824,5,0,20
17825,5,0,20
17826,5,0,20
17827,5,0,20
17828,5,0,20
17829,5,0,20
17830,5,0,20
17831,5,0,20
17832,5,0,20
17833,5,0,20
17834,5,0,20
17835,5,0,20
17836,5,0,20
17837,5,0,20
17838,5,0,20
17839,5,0,20
17840,5,0,20
17841,5,0,20
17842,5,0,20
17843,5,0,20
17844,5,0,20
17845,5,0,20
17846,5,0,20
17847,5,0,20
17848,5,0,20
17849,5,0,20
17850,5,0,20
17851,5,0,20
17852,5,0,20
17853,5,0,20
17854,5,0,20
17855,5,0,20
17856,5,0,20
17857,5,0,20
17858,5,0,20
17859,5,0,20
17860,5,0,20
17861,5,0,20
17862,5,0,20
17863,5,0,20
17864,5,0,20
17865,5,0,20
17866,5,0,20
17867,5,0,20
17868,5,0,20
17869,5,0,20
17870,5,0,20
17871,5,0,20
17872,5,0,20
17873,5,0,20
17874,5,0,20
17875,5,0,20
17876,5,0,20
17877,5,0,20
17878,5,0,20
